2025-06-03 03:16:28
2025-06-03 03:22:07
2025-06-03 03:28:30
2025-06-03 06:23:44
2025-06-03 07:23:44
2025-06-03 07:35:20,604 Start cycle: 2025-06-03 07:35:20
2025-06-03 07:35:20,766 video_crawler ERROR: Traceback (most recent call last):
  File "C:\Users\irosa\Desktop\新しいフォルダー (3)\Chameleon\internal\audio\video_crawler.py", line 2, in <module>
    import yt_dlp
ModuleNotFoundError: No module named 'yt_dlp'

2025-06-03 07:35:20,936 diffusion_infer ERROR: 
Cycle finished: 2025-06-03 07:35:20
2025-06-03 07:40:19,350 Start cycle: 2025-06-03 07:40:19
2025-06-03 07:40:19,503 video_crawler ERROR: Traceback (most recent call last):
  File "C:\Users\irosa\Desktop\新しいフォルダー (3)\Chameleon\internal\audio\video_crawler.py", line 2, in <module>
    import yt_dlp
ModuleNotFoundError: No module named 'yt_dlp'

2025-06-03 07:40:19,700 diffusion_infer ERROR: 
Cycle finished: 2025-06-03 07:40:19
2025-06-03 07:43:45,818 Start cycle: 2025-06-03 07:43:45
2025-06-03 07:43:45,980 video_crawler ERROR: Traceback (most recent call last):
  File "C:\Users\irosa\Desktop\新しいフォルダー (3)\Chameleon\internal\audio\video_crawler.py", line 2, in <module>
    import yt_dlp
ModuleNotFoundError: No module named 'yt_dlp'

2025-06-03 07:43:46,167 diffusion_infer ERROR: 
Cycle finished: 2025-06-03 07:43:45
2025-06-03 08:26:58,441 Start cycle: 2025-06-03 08:26:58
2025-06-03 08:26:58,605 video_crawler ERROR: Traceback (most recent call last):
  File "C:\Users\irosa\Desktop\新しいフォルダー (3)\Chameleon\internal\audio\video_crawler.py", line 2, in <module>
    import yt_dlp
ModuleNotFoundError: No module named 'yt_dlp'

2025-06-03 08:26:58,808 diffusion_infer ERROR: 
Cycle finished: 2025-06-03 08:26:58
2025-06-03 08:28:07,879 Start cycle: 2025-06-03 08:28:07
[video_crawler STDOUT] 
2025-06-03 08:28:08,016 video_crawler ERROR: Traceback (most recent call last):
  File "C:\Users\irosa\Desktop\新しいフォルダー (3)\Chameleon\internal\audio\video_crawler.py", line 2, in <module>
    import yt_dlp
ModuleNotFoundError: No module named 'yt_dlp'

[diffusion_infer STDOUT] 
2025-06-03 08:28:08,211 diffusion_infer ERROR: 
Cycle finished: 2025-06-03 08:28:07
2025-06-03 08:29:08,226 Start cycle: 2025-06-03 08:29:08
[video_crawler STDOUT] 
2025-06-03 08:29:08,351 video_crawler ERROR: Traceback (most recent call last):
  File "C:\Users\irosa\Desktop\新しいフォルダー (3)\Chameleon\internal\audio\video_crawler.py", line 2, in <module>
    import yt_dlp
ModuleNotFoundError: No module named 'yt_dlp'

[diffusion_infer STDOUT] 
2025-06-03 08:29:08,559 diffusion_infer ERROR: 
Cycle finished: 2025-06-03 08:29:08
2025-06-03 08:30:08,580 Start cycle: 2025-06-03 08:30:08
[video_crawler STDOUT] 
2025-06-03 08:30:08,746 video_crawler ERROR: Traceback (most recent call last):
  File "C:\Users\irosa\Desktop\新しいフォルダー (3)\Chameleon\internal\audio\video_crawler.py", line 2, in <module>
    import yt_dlp
ModuleNotFoundError: No module named 'yt_dlp'

[diffusion_infer STDOUT] 
2025-06-03 08:30:08,933 diffusion_infer ERROR: 
Cycle finished: 2025-06-03 08:30:08
2025-06-03 08:31:08,952 Start cycle: 2025-06-03 08:31:08
[video_crawler STDOUT] 
2025-06-03 08:31:09,099 video_crawler ERROR: Traceback (most recent call last):
  File "C:\Users\irosa\Desktop\新しいフォルダー (3)\Chameleon\internal\audio\video_crawler.py", line 2, in <module>
    import yt_dlp
ModuleNotFoundError: No module named 'yt_dlp'

[diffusion_infer STDOUT] 
2025-06-03 08:31:09,310 diffusion_infer ERROR: 
Cycle finished: 2025-06-03 08:31:08
2025-06-03 08:32:09,324 Start cycle: 2025-06-03 08:32:09
[video_crawler STDOUT] 
2025-06-03 08:32:09,467 video_crawler ERROR: Traceback (most recent call last):
  File "C:\Users\irosa\Desktop\新しいフォルダー (3)\Chameleon\internal\audio\video_crawler.py", line 2, in <module>
    import yt_dlp
ModuleNotFoundError: No module named 'yt_dlp'

[diffusion_infer STDOUT] 
2025-06-03 08:32:09,671 diffusion_infer ERROR: 
Cycle finished: 2025-06-03 08:32:09
2025-06-03 08:33:09,687 Start cycle: 2025-06-03 08:33:09
[video_crawler STDOUT] 
2025-06-03 08:33:09,839 video_crawler ERROR: Traceback (most recent call last):
  File "C:\Users\irosa\Desktop\新しいフォルダー (3)\Chameleon\internal\audio\video_crawler.py", line 2, in <module>
    import yt_dlp
ModuleNotFoundError: No module named 'yt_dlp'

[diffusion_infer STDOUT] 
2025-06-03 08:33:10,021 diffusion_infer ERROR: 
Cycle finished: 2025-06-03 08:33:09
2025-06-03 08:34:10,035 Start cycle: 2025-06-03 08:34:10
[video_crawler STDOUT] 
2025-06-03 08:34:10,185 video_crawler ERROR: Traceback (most recent call last):
  File "C:\Users\irosa\Desktop\新しいフォルダー (3)\Chameleon\internal\audio\video_crawler.py", line 2, in <module>
    import yt_dlp
ModuleNotFoundError: No module named 'yt_dlp'

[diffusion_infer STDOUT] 
2025-06-03 08:34:10,382 diffusion_infer ERROR: 
Cycle finished: 2025-06-03 08:34:10
2025-06-03 08:35:10,394 Start cycle: 2025-06-03 08:35:10
[video_crawler STDOUT] 
2025-06-03 08:35:10,524 video_crawler ERROR: Traceback (most recent call last):
  File "C:\Users\irosa\Desktop\新しいフォルダー (3)\Chameleon\internal\audio\video_crawler.py", line 2, in <module>
    import yt_dlp
ModuleNotFoundError: No module named 'yt_dlp'

[diffusion_infer STDOUT] 
2025-06-03 08:35:10,721 diffusion_infer ERROR: 
Cycle finished: 2025-06-03 08:35:10
2025-06-03 08:36:10,737 Start cycle: 2025-06-03 08:36:10
[video_crawler STDOUT] 
2025-06-03 08:36:10,898 video_crawler ERROR: Traceback (most recent call last):
  File "C:\Users\irosa\Desktop\新しいフォルダー (3)\Chameleon\internal\audio\video_crawler.py", line 2, in <module>
    import yt_dlp
ModuleNotFoundError: No module named 'yt_dlp'

[diffusion_infer STDOUT] 
2025-06-03 08:36:11,100 diffusion_infer ERROR: 
Cycle finished: 2025-06-03 08:36:10
2025-06-03 08:37:11,110 Start cycle: 2025-06-03 08:37:11
[video_crawler STDOUT] 
2025-06-03 08:37:11,260 video_crawler ERROR: Traceback (most recent call last):
  File "C:\Users\irosa\Desktop\新しいフォルダー (3)\Chameleon\internal\audio\video_crawler.py", line 2, in <module>
    import yt_dlp
ModuleNotFoundError: No module named 'yt_dlp'

[diffusion_infer STDOUT] 
2025-06-03 08:37:11,415 diffusion_infer ERROR: 
Cycle finished: 2025-06-03 08:37:11
2025-06-03 08:38:11,432 Start cycle: 2025-06-03 08:38:11
[video_crawler STDOUT] 
2025-06-03 08:38:11,555 video_crawler ERROR: Traceback (most recent call last):
  File "C:\Users\irosa\Desktop\新しいフォルダー (3)\Chameleon\internal\audio\video_crawler.py", line 2, in <module>
    import yt_dlp
ModuleNotFoundError: No module named 'yt_dlp'

[diffusion_infer STDOUT] 
2025-06-03 08:38:11,718 diffusion_infer ERROR: 
Cycle finished: 2025-06-03 08:38:11
2025-06-03 08:39:11,740 Start cycle: 2025-06-03 08:39:11
[video_crawler STDOUT] 
2025-06-03 08:39:11,901 video_crawler ERROR: Traceback (most recent call last):
  File "C:\Users\irosa\Desktop\新しいフォルダー (3)\Chameleon\internal\audio\video_crawler.py", line 2, in <module>
    import yt_dlp
ModuleNotFoundError: No module named 'yt_dlp'

[diffusion_infer STDOUT] 
2025-06-03 08:39:12,070 diffusion_infer ERROR: 
Cycle finished: 2025-06-03 08:39:11
2025-06-03 08:40:12,083 Start cycle: 2025-06-03 08:40:12
[video_crawler STDOUT] 
2025-06-03 08:40:12,232 video_crawler ERROR: Traceback (most recent call last):
  File "C:\Users\irosa\Desktop\新しいフォルダー (3)\Chameleon\internal\audio\video_crawler.py", line 2, in <module>
    import yt_dlp
ModuleNotFoundError: No module named 'yt_dlp'

[diffusion_infer STDOUT] 
2025-06-03 08:40:12,412 diffusion_infer ERROR: 
Cycle finished: 2025-06-03 08:40:12
2025-06-03 08:41:12,436 Start cycle: 2025-06-03 08:41:12
[video_crawler STDOUT] 
2025-06-03 08:41:12,596 video_crawler ERROR: Traceback (most recent call last):
  File "C:\Users\irosa\Desktop\新しいフォルダー (3)\Chameleon\internal\audio\video_crawler.py", line 2, in <module>
    import yt_dlp
ModuleNotFoundError: No module named 'yt_dlp'

[diffusion_infer STDOUT] 
2025-06-03 08:41:12,764 diffusion_infer ERROR: 
Cycle finished: 2025-06-03 08:41:12
2025-06-03 08:42:12,773 Start cycle: 2025-06-03 08:42:12
[video_crawler STDOUT] 
2025-06-03 08:42:12,916 video_crawler ERROR: Traceback (most recent call last):
  File "C:\Users\irosa\Desktop\新しいフォルダー (3)\Chameleon\internal\audio\video_crawler.py", line 2, in <module>
    import yt_dlp
ModuleNotFoundError: No module named 'yt_dlp'

[diffusion_infer STDOUT] 
2025-06-03 08:42:13,092 diffusion_infer ERROR: 
Cycle finished: 2025-06-03 08:42:12
2025-06-03 08:43:13,103 Start cycle: 2025-06-03 08:43:13
[video_crawler STDOUT] 
2025-06-03 08:43:13,250 video_crawler ERROR: Traceback (most recent call last):
  File "C:\Users\irosa\Desktop\新しいフォルダー (3)\Chameleon\internal\audio\video_crawler.py", line 2, in <module>
    import yt_dlp
ModuleNotFoundError: No module named 'yt_dlp'

[diffusion_infer STDOUT] 
2025-06-03 08:43:13,449 diffusion_infer ERROR: 
Cycle finished: 2025-06-03 08:43:13
2025-06-03 08:44:13,467 Start cycle: 2025-06-03 08:44:13
[video_crawler STDOUT] 
2025-06-03 08:44:13,581 video_crawler ERROR: Traceback (most recent call last):
  File "C:\Users\irosa\Desktop\新しいフォルダー (3)\Chameleon\internal\audio\video_crawler.py", line 2, in <module>
    import yt_dlp
ModuleNotFoundError: No module named 'yt_dlp'

[diffusion_infer STDOUT] 
2025-06-03 08:44:13,761 diffusion_infer ERROR: 
Cycle finished: 2025-06-03 08:44:13
2025-06-03 08:45:13,776 Start cycle: 2025-06-03 08:45:13
[video_crawler STDOUT] 
2025-06-03 08:45:13,933 video_crawler ERROR: Traceback (most recent call last):
  File "C:\Users\irosa\Desktop\新しいフォルダー (3)\Chameleon\internal\audio\video_crawler.py", line 2, in <module>
    import yt_dlp
ModuleNotFoundError: No module named 'yt_dlp'

[diffusion_infer STDOUT] 
2025-06-03 08:45:14,139 diffusion_infer ERROR: 
Cycle finished: 2025-06-03 08:45:13
2025-06-03 08:46:14,148 Start cycle: 2025-06-03 08:46:14
[video_crawler STDOUT] 
2025-06-03 08:46:14,291 video_crawler ERROR: Traceback (most recent call last):
  File "C:\Users\irosa\Desktop\新しいフォルダー (3)\Chameleon\internal\audio\video_crawler.py", line 2, in <module>
    import yt_dlp
ModuleNotFoundError: No module named 'yt_dlp'

[diffusion_infer STDOUT] 
2025-06-03 08:46:14,481 diffusion_infer ERROR: 
Cycle finished: 2025-06-03 08:46:14
2025-06-03 08:47:14,494 Start cycle: 2025-06-03 08:47:14
[video_crawler STDOUT] 
2025-06-03 08:47:14,654 video_crawler ERROR: Traceback (most recent call last):
  File "C:\Users\irosa\Desktop\新しいフォルダー (3)\Chameleon\internal\audio\video_crawler.py", line 2, in <module>
    import yt_dlp
ModuleNotFoundError: No module named 'yt_dlp'

[diffusion_infer STDOUT] 
2025-06-03 08:47:14,875 diffusion_infer ERROR: 
Cycle finished: 2025-06-03 08:47:14
2025-06-03 08:48:14,892 Start cycle: 2025-06-03 08:48:14
[video_crawler STDOUT] 
2025-06-03 08:48:15,044 video_crawler ERROR: Traceback (most recent call last):
  File "C:\Users\irosa\Desktop\新しいフォルダー (3)\Chameleon\internal\audio\video_crawler.py", line 2, in <module>
    import yt_dlp
ModuleNotFoundError: No module named 'yt_dlp'

[diffusion_infer STDOUT] 
2025-06-03 08:48:15,235 diffusion_infer ERROR: 
Cycle finished: 2025-06-03 08:48:14
2025-06-03 08:49:15,245 Start cycle: 2025-06-03 08:49:15
[video_crawler STDOUT] 
2025-06-03 08:49:15,383 video_crawler ERROR: Traceback (most recent call last):
  File "C:\Users\irosa\Desktop\新しいフォルダー (3)\Chameleon\internal\audio\video_crawler.py", line 2, in <module>
    import yt_dlp
ModuleNotFoundError: No module named 'yt_dlp'

[diffusion_infer STDOUT] 
2025-06-03 08:49:15,567 diffusion_infer ERROR: 
Cycle finished: 2025-06-03 08:49:15
2025-06-03 08:50:15,584 Start cycle: 2025-06-03 08:50:15
[video_crawler STDOUT] 
2025-06-03 08:50:15,687 video_crawler ERROR: Traceback (most recent call last):
  File "C:\Users\irosa\Desktop\新しいフォルダー (3)\Chameleon\internal\audio\video_crawler.py", line 2, in <module>
    import yt_dlp
ModuleNotFoundError: No module named 'yt_dlp'

[diffusion_infer STDOUT] 
2025-06-03 08:50:15,841 diffusion_infer ERROR: 
Cycle finished: 2025-06-03 08:50:15
2025-06-03 08:51:15,863 Start cycle: 2025-06-03 08:51:15
[video_crawler STDOUT] 
2025-06-03 08:51:15,975 video_crawler ERROR: Traceback (most recent call last):
  File "C:\Users\irosa\Desktop\新しいフォルダー (3)\Chameleon\internal\audio\video_crawler.py", line 2, in <module>
    import yt_dlp
ModuleNotFoundError: No module named 'yt_dlp'

[diffusion_infer STDOUT] 
2025-06-03 08:51:16,145 diffusion_infer ERROR: 
Cycle finished: 2025-06-03 08:51:15
2025-06-03 08:52:16,167 Start cycle: 2025-06-03 08:52:16
[video_crawler STDOUT] 
2025-06-03 08:52:16,330 video_crawler ERROR: Traceback (most recent call last):
  File "C:\Users\irosa\Desktop\新しいフォルダー (3)\Chameleon\internal\audio\video_crawler.py", line 2, in <module>
    import yt_dlp
ModuleNotFoundError: No module named 'yt_dlp'

[diffusion_infer STDOUT] 
2025-06-03 08:52:16,523 diffusion_infer ERROR: 
Cycle finished: 2025-06-03 08:52:16
2025-06-03 08:53:16,538 Start cycle: 2025-06-03 08:53:16
[video_crawler STDOUT] 
2025-06-03 08:53:16,673 video_crawler ERROR: Traceback (most recent call last):
  File "C:\Users\irosa\Desktop\新しいフォルダー (3)\Chameleon\internal\audio\video_crawler.py", line 2, in <module>
    import yt_dlp
ModuleNotFoundError: No module named 'yt_dlp'

[diffusion_infer STDOUT] 
2025-06-03 08:53:16,855 diffusion_infer ERROR: 
Cycle finished: 2025-06-03 08:53:16
2025-06-03 08:54:16,870 Start cycle: 2025-06-03 08:54:16
[video_crawler STDOUT] 
2025-06-03 08:54:17,431 video_crawler ERROR: Traceback (most recent call last):
  File "C:\Users\irosa\Desktop\新しいフォルダー (3)\Chameleon\internal\audio\video_crawler.py", line 2, in <module>
    import yt_dlp
ModuleNotFoundError: No module named 'yt_dlp'

[diffusion_infer STDOUT] 
2025-06-03 08:54:17,933 diffusion_infer ERROR: 
Cycle finished: 2025-06-03 08:54:16
2025-06-03 08:55:17,954 Start cycle: 2025-06-03 08:55:17
[video_crawler STDOUT] 
2025-06-03 08:55:18,086 video_crawler ERROR: Traceback (most recent call last):
  File "C:\Users\irosa\Desktop\新しいフォルダー (3)\Chameleon\internal\audio\video_crawler.py", line 2, in <module>
    import yt_dlp
ModuleNotFoundError: No module named 'yt_dlp'

[diffusion_infer STDOUT] 
2025-06-03 08:55:18,258 diffusion_infer ERROR: 
Cycle finished: 2025-06-03 08:55:17
2025-06-03 08:56:18,269 Start cycle: 2025-06-03 08:56:18
[video_crawler STDOUT] 
2025-06-03 08:56:18,404 video_crawler ERROR: Traceback (most recent call last):
  File "C:\Users\irosa\Desktop\新しいフォルダー (3)\Chameleon\internal\audio\video_crawler.py", line 2, in <module>
    import yt_dlp
ModuleNotFoundError: No module named 'yt_dlp'

[diffusion_infer STDOUT] 
2025-06-03 08:56:18,600 diffusion_infer ERROR: 
Cycle finished: 2025-06-03 08:56:18
2025-06-03 08:57:18,613 Start cycle: 2025-06-03 08:57:18
[video_crawler STDOUT] 
2025-06-03 08:57:18,777 video_crawler ERROR: Traceback (most recent call last):
  File "C:\Users\irosa\Desktop\新しいフォルダー (3)\Chameleon\internal\audio\video_crawler.py", line 2, in <module>
    import yt_dlp
ModuleNotFoundError: No module named 'yt_dlp'

[diffusion_infer STDOUT] 
2025-06-03 08:57:18,982 diffusion_infer ERROR: 
Cycle finished: 2025-06-03 08:57:18
2025-06-03 08:58:18,990 Start cycle: 2025-06-03 08:58:18
[video_crawler STDOUT] 
2025-06-03 08:58:19,140 video_crawler ERROR: Traceback (most recent call last):
  File "C:\Users\irosa\Desktop\新しいフォルダー (3)\Chameleon\internal\audio\video_crawler.py", line 2, in <module>
    import yt_dlp
ModuleNotFoundError: No module named 'yt_dlp'

[diffusion_infer STDOUT] 
2025-06-03 08:58:19,321 diffusion_infer ERROR: 
Cycle finished: 2025-06-03 08:58:18
2025-06-03 08:59:19,342 Start cycle: 2025-06-03 08:59:19
[video_crawler STDOUT] 
2025-06-03 08:59:19,458 video_crawler ERROR: Traceback (most recent call last):
  File "C:\Users\irosa\Desktop\新しいフォルダー (3)\Chameleon\internal\audio\video_crawler.py", line 2, in <module>
    import yt_dlp
ModuleNotFoundError: No module named 'yt_dlp'

[diffusion_infer STDOUT] 
2025-06-03 08:59:19,653 diffusion_infer ERROR: 
Cycle finished: 2025-06-03 08:59:19
2025-06-03 09:00:19,661 Start cycle: 2025-06-03 09:00:19
[video_crawler STDOUT] 
2025-06-03 09:00:19,814 video_crawler ERROR: Traceback (most recent call last):
  File "C:\Users\irosa\Desktop\新しいフォルダー (3)\Chameleon\internal\audio\video_crawler.py", line 2, in <module>
    import yt_dlp
ModuleNotFoundError: No module named 'yt_dlp'

[diffusion_infer STDOUT] 
2025-06-03 09:00:20,011 diffusion_infer ERROR: 
Cycle finished: 2025-06-03 09:00:19
2025-06-03 09:01:20,024 Start cycle: 2025-06-03 09:01:20
[video_crawler STDOUT] 
2025-06-03 09:01:20,172 video_crawler ERROR: Traceback (most recent call last):
  File "C:\Users\irosa\Desktop\新しいフォルダー (3)\Chameleon\internal\audio\video_crawler.py", line 2, in <module>
    import yt_dlp
ModuleNotFoundError: No module named 'yt_dlp'

[diffusion_infer STDOUT] 
2025-06-03 09:01:20,380 diffusion_infer ERROR: 
Cycle finished: 2025-06-03 09:01:20
2025-06-03 09:02:20,390 Start cycle: 2025-06-03 09:02:20
[video_crawler STDOUT] 
2025-06-03 09:02:20,506 video_crawler ERROR: Traceback (most recent call last):
  File "C:\Users\irosa\Desktop\新しいフォルダー (3)\Chameleon\internal\audio\video_crawler.py", line 2, in <module>
    import yt_dlp
ModuleNotFoundError: No module named 'yt_dlp'

[diffusion_infer STDOUT] 
2025-06-03 09:02:20,689 diffusion_infer ERROR: 
Cycle finished: 2025-06-03 09:02:20
2025-06-03 09:03:20,702 Start cycle: 2025-06-03 09:03:20
[video_crawler STDOUT] 
2025-06-03 09:03:20,856 video_crawler ERROR: Traceback (most recent call last):
  File "C:\Users\irosa\Desktop\新しいフォルダー (3)\Chameleon\internal\audio\video_crawler.py", line 2, in <module>
    import yt_dlp
ModuleNotFoundError: No module named 'yt_dlp'

[diffusion_infer STDOUT] 
2025-06-03 09:03:21,029 diffusion_infer ERROR: 
Cycle finished: 2025-06-03 09:03:20
2025-06-03 09:04:21,044 Start cycle: 2025-06-03 09:04:21
[video_crawler STDOUT] 
2025-06-03 09:04:21,172 video_crawler ERROR: Traceback (most recent call last):
  File "C:\Users\irosa\Desktop\新しいフォルダー (3)\Chameleon\internal\audio\video_crawler.py", line 2, in <module>
    import yt_dlp
ModuleNotFoundError: No module named 'yt_dlp'

[diffusion_infer STDOUT] 
2025-06-03 09:04:21,332 diffusion_infer ERROR: 
Cycle finished: 2025-06-03 09:04:21
2025-06-03 09:05:21,351 Start cycle: 2025-06-03 09:05:21
[video_crawler STDOUT] 
2025-06-03 09:05:21,490 video_crawler ERROR: Traceback (most recent call last):
  File "C:\Users\irosa\Desktop\新しいフォルダー (3)\Chameleon\internal\audio\video_crawler.py", line 2, in <module>
    import yt_dlp
ModuleNotFoundError: No module named 'yt_dlp'

[diffusion_infer STDOUT] 
2025-06-03 09:05:21,677 diffusion_infer ERROR: 
Cycle finished: 2025-06-03 09:05:21
2025-06-03 09:06:21,695 Start cycle: 2025-06-03 09:06:21
[video_crawler STDOUT] 
2025-06-03 09:06:21,807 video_crawler ERROR: Traceback (most recent call last):
  File "C:\Users\irosa\Desktop\新しいフォルダー (3)\Chameleon\internal\audio\video_crawler.py", line 2, in <module>
    import yt_dlp
ModuleNotFoundError: No module named 'yt_dlp'

[diffusion_infer STDOUT] 
2025-06-03 09:06:21,998 diffusion_infer ERROR: 
Cycle finished: 2025-06-03 09:06:21
2025-06-03 09:07:22,005 Start cycle: 2025-06-03 09:07:22
[video_crawler STDOUT] 
2025-06-03 09:07:22,157 video_crawler ERROR: Traceback (most recent call last):
  File "C:\Users\irosa\Desktop\新しいフォルダー (3)\Chameleon\internal\audio\video_crawler.py", line 2, in <module>
    import yt_dlp
ModuleNotFoundError: No module named 'yt_dlp'

[diffusion_infer STDOUT] 
2025-06-03 09:07:22,361 diffusion_infer ERROR: 
Cycle finished: 2025-06-03 09:07:22
2025-06-03 09:08:22,373 Start cycle: 2025-06-03 09:08:22
[video_crawler STDOUT] 
2025-06-03 09:08:22,524 video_crawler ERROR: Traceback (most recent call last):
  File "C:\Users\irosa\Desktop\新しいフォルダー (3)\Chameleon\internal\audio\video_crawler.py", line 2, in <module>
    import yt_dlp
ModuleNotFoundError: No module named 'yt_dlp'

[diffusion_infer STDOUT] 
2025-06-03 09:08:22,716 diffusion_infer ERROR: 
Cycle finished: 2025-06-03 09:08:22
2025-06-03 09:09:22,736 Start cycle: 2025-06-03 09:09:22
[video_crawler STDOUT] 
2025-06-03 09:09:22,895 video_crawler ERROR: Traceback (most recent call last):
  File "C:\Users\irosa\Desktop\新しいフォルダー (3)\Chameleon\internal\audio\video_crawler.py", line 2, in <module>
    import yt_dlp
ModuleNotFoundError: No module named 'yt_dlp'

[diffusion_infer STDOUT] 
2025-06-03 09:09:23,082 diffusion_infer ERROR: 
Cycle finished: 2025-06-03 09:09:22
2025-06-03 09:10:23,100 Start cycle: 2025-06-03 09:10:23
[video_crawler STDOUT] 
2025-06-03 09:10:23,260 video_crawler ERROR: Traceback (most recent call last):
  File "C:\Users\irosa\Desktop\新しいフォルダー (3)\Chameleon\internal\audio\video_crawler.py", line 2, in <module>
    import yt_dlp
ModuleNotFoundError: No module named 'yt_dlp'

[diffusion_infer STDOUT] 
2025-06-03 09:10:23,450 diffusion_infer ERROR: 
Cycle finished: 2025-06-03 09:10:23
2025-06-03 09:11:23,466 Start cycle: 2025-06-03 09:11:23
[video_crawler STDOUT] 
2025-06-03 09:11:23,604 video_crawler ERROR: Traceback (most recent call last):
  File "C:\Users\irosa\Desktop\新しいフォルダー (3)\Chameleon\internal\audio\video_crawler.py", line 2, in <module>
    import yt_dlp
ModuleNotFoundError: No module named 'yt_dlp'

[diffusion_infer STDOUT] 
2025-06-03 09:11:23,783 diffusion_infer ERROR: 
Cycle finished: 2025-06-03 09:11:23
2025-06-03 09:12:23,794 Start cycle: 2025-06-03 09:12:23
[video_crawler STDOUT] 
2025-06-03 09:12:23,929 video_crawler ERROR: Traceback (most recent call last):
  File "C:\Users\irosa\Desktop\新しいフォルダー (3)\Chameleon\internal\audio\video_crawler.py", line 2, in <module>
    import yt_dlp
ModuleNotFoundError: No module named 'yt_dlp'

[diffusion_infer STDOUT] 
2025-06-03 09:12:24,065 diffusion_infer ERROR: 
Cycle finished: 2025-06-03 09:12:23
2025-06-03 09:13:24,083 Start cycle: 2025-06-03 09:13:24
[video_crawler STDOUT] 
2025-06-03 09:13:24,199 video_crawler ERROR: Traceback (most recent call last):
  File "C:\Users\irosa\Desktop\新しいフォルダー (3)\Chameleon\internal\audio\video_crawler.py", line 2, in <module>
    import yt_dlp
ModuleNotFoundError: No module named 'yt_dlp'

[diffusion_infer STDOUT] 
2025-06-03 09:13:24,396 diffusion_infer ERROR: 
Cycle finished: 2025-06-03 09:13:24
2025-06-03 09:14:24,415 Start cycle: 2025-06-03 09:14:24
[video_crawler STDOUT] 
2025-06-03 09:14:24,573 video_crawler ERROR: Traceback (most recent call last):
  File "C:\Users\irosa\Desktop\新しいフォルダー (3)\Chameleon\internal\audio\video_crawler.py", line 2, in <module>
    import yt_dlp
ModuleNotFoundError: No module named 'yt_dlp'

[diffusion_infer STDOUT] 
2025-06-03 09:14:24,778 diffusion_infer ERROR: 
Cycle finished: 2025-06-03 09:14:24
2025-06-03 09:15:24,797 Start cycle: 2025-06-03 09:15:24
[video_crawler STDOUT] 
2025-06-03 09:15:24,943 video_crawler ERROR: Traceback (most recent call last):
  File "C:\Users\irosa\Desktop\新しいフォルダー (3)\Chameleon\internal\audio\video_crawler.py", line 2, in <module>
    import yt_dlp
ModuleNotFoundError: No module named 'yt_dlp'

[diffusion_infer STDOUT] 
2025-06-03 09:15:25,133 diffusion_infer ERROR: 
Cycle finished: 2025-06-03 09:15:24
2025-06-03 09:16:25,139 Start cycle: 2025-06-03 09:16:25
[video_crawler STDOUT] 
2025-06-03 09:16:25,278 video_crawler ERROR: Traceback (most recent call last):
  File "C:\Users\irosa\Desktop\新しいフォルダー (3)\Chameleon\internal\audio\video_crawler.py", line 2, in <module>
    import yt_dlp
ModuleNotFoundError: No module named 'yt_dlp'

[diffusion_infer STDOUT] 
2025-06-03 09:16:25,476 diffusion_infer ERROR: 
Cycle finished: 2025-06-03 09:16:25
2025-06-03 09:17:25,492 Start cycle: 2025-06-03 09:17:25
[video_crawler STDOUT] 
2025-06-03 09:17:25,625 video_crawler ERROR: Traceback (most recent call last):
  File "C:\Users\irosa\Desktop\新しいフォルダー (3)\Chameleon\internal\audio\video_crawler.py", line 2, in <module>
    import yt_dlp
ModuleNotFoundError: No module named 'yt_dlp'

[diffusion_infer STDOUT] 
2025-06-03 09:17:25,818 diffusion_infer ERROR: 
Cycle finished: 2025-06-03 09:17:25
2025-06-03 09:18:25,824 Start cycle: 2025-06-03 09:18:25
[video_crawler STDOUT] 
2025-06-03 09:18:25,983 video_crawler ERROR: Traceback (most recent call last):
  File "C:\Users\irosa\Desktop\新しいフォルダー (3)\Chameleon\internal\audio\video_crawler.py", line 2, in <module>
    import yt_dlp
ModuleNotFoundError: No module named 'yt_dlp'

[diffusion_infer STDOUT] 
2025-06-03 09:18:26,175 diffusion_infer ERROR: 
Cycle finished: 2025-06-03 09:18:25
2025-06-03 09:19:26,180 Start cycle: 2025-06-03 09:19:26
[video_crawler STDOUT] 
2025-06-03 09:19:26,318 video_crawler ERROR: Traceback (most recent call last):
  File "C:\Users\irosa\Desktop\新しいフォルダー (3)\Chameleon\internal\audio\video_crawler.py", line 2, in <module>
    import yt_dlp
ModuleNotFoundError: No module named 'yt_dlp'

[diffusion_infer STDOUT] 
2025-06-03 09:19:26,512 diffusion_infer ERROR: 
Cycle finished: 2025-06-03 09:19:26
2025-06-03 09:20:26,525 Start cycle: 2025-06-03 09:20:26
[video_crawler STDOUT] 
2025-06-03 09:20:26,667 video_crawler ERROR: Traceback (most recent call last):
  File "C:\Users\irosa\Desktop\新しいフォルダー (3)\Chameleon\internal\audio\video_crawler.py", line 2, in <module>
    import yt_dlp
ModuleNotFoundError: No module named 'yt_dlp'

[diffusion_infer STDOUT] 
2025-06-03 09:20:26,811 diffusion_infer ERROR: 
Cycle finished: 2025-06-03 09:20:26
2025-06-03 09:21:26,819 Start cycle: 2025-06-03 09:21:26
[video_crawler STDOUT] 
2025-06-03 09:21:26,978 video_crawler ERROR: Traceback (most recent call last):
  File "C:\Users\irosa\Desktop\新しいフォルダー (3)\Chameleon\internal\audio\video_crawler.py", line 2, in <module>
    import yt_dlp
ModuleNotFoundError: No module named 'yt_dlp'

[diffusion_infer STDOUT] 
2025-06-03 09:21:27,173 diffusion_infer ERROR: 
Cycle finished: 2025-06-03 09:21:26
2025-06-03 09:22:27,188 Start cycle: 2025-06-03 09:22:27
[video_crawler STDOUT] 
2025-06-03 09:22:27,539 video_crawler ERROR: Traceback (most recent call last):
  File "C:\Users\irosa\Desktop\新しいフォルダー (3)\Chameleon\internal\audio\video_crawler.py", line 2, in <module>
    import yt_dlp
ModuleNotFoundError: No module named 'yt_dlp'

[diffusion_infer STDOUT] 
2025-06-03 09:22:27,871 diffusion_infer ERROR: 
Cycle finished: 2025-06-03 09:22:27
2025-06-03 09:23:27,883 Start cycle: 2025-06-03 09:23:27
[video_crawler STDOUT] 
2025-06-03 09:23:28,052 video_crawler ERROR: Traceback (most recent call last):
  File "C:\Users\irosa\Desktop\新しいフォルダー (3)\Chameleon\internal\audio\video_crawler.py", line 2, in <module>
    import yt_dlp
ModuleNotFoundError: No module named 'yt_dlp'

[diffusion_infer STDOUT] 
2025-06-03 09:23:28,240 diffusion_infer ERROR: 
Cycle finished: 2025-06-03 09:23:27
2025-06-03 09:24:28,257 Start cycle: 2025-06-03 09:24:28
[video_crawler STDOUT] 
2025-06-03 09:24:28,409 video_crawler ERROR: Traceback (most recent call last):
  File "C:\Users\irosa\Desktop\新しいフォルダー (3)\Chameleon\internal\audio\video_crawler.py", line 2, in <module>
    import yt_dlp
ModuleNotFoundError: No module named 'yt_dlp'

[diffusion_infer STDOUT] 
2025-06-03 09:24:28,628 diffusion_infer ERROR: 
Cycle finished: 2025-06-03 09:24:28
2025-06-03 09:25:28,649 Start cycle: 2025-06-03 09:25:28
[video_crawler STDOUT] 
2025-06-03 09:25:28,803 video_crawler ERROR: Traceback (most recent call last):
  File "C:\Users\irosa\Desktop\新しいフォルダー (3)\Chameleon\internal\audio\video_crawler.py", line 2, in <module>
    import yt_dlp
ModuleNotFoundError: No module named 'yt_dlp'

[diffusion_infer STDOUT] 
2025-06-03 09:25:29,034 diffusion_infer ERROR: 
Cycle finished: 2025-06-03 09:25:28
2025-06-03 09:26:29,047 Start cycle: 2025-06-03 09:26:29
[video_crawler STDOUT] 
2025-06-03 09:26:29,200 video_crawler ERROR: Traceback (most recent call last):
  File "C:\Users\irosa\Desktop\新しいフォルダー (3)\Chameleon\internal\audio\video_crawler.py", line 2, in <module>
    import yt_dlp
ModuleNotFoundError: No module named 'yt_dlp'

[diffusion_infer STDOUT] 
2025-06-03 09:26:29,374 diffusion_infer ERROR: 
Cycle finished: 2025-06-03 09:26:29
2025-06-03 09:26:59,165 Start cycle: 2025-06-03 09:26:59
2025-06-03 09:26:59,336 video_crawler ERROR: Traceback (most recent call last):
  File "C:\Users\irosa\Desktop\新しいフォルダー (3)\Chameleon\internal\audio\video_crawler.py", line 2, in <module>
    import yt_dlp
ModuleNotFoundError: No module named 'yt_dlp'

2025-06-03 09:26:59,545 diffusion_infer ERROR: 
Cycle finished: 2025-06-03 09:26:59
2025-06-03 09:27:29,379 Start cycle: 2025-06-03 09:27:29
[video_crawler STDOUT] 
2025-06-03 09:27:29,520 video_crawler ERROR: Traceback (most recent call last):
  File "C:\Users\irosa\Desktop\新しいフォルダー (3)\Chameleon\internal\audio\video_crawler.py", line 2, in <module>
    import yt_dlp
ModuleNotFoundError: No module named 'yt_dlp'

[diffusion_infer STDOUT] 
2025-06-03 09:27:29,696 diffusion_infer ERROR: 
Cycle finished: 2025-06-03 09:27:29
2025-06-03 09:28:29,716 Start cycle: 2025-06-03 09:28:29
[video_crawler STDOUT] 
2025-06-03 09:28:29,873 video_crawler ERROR: Traceback (most recent call last):
  File "C:\Users\irosa\Desktop\新しいフォルダー (3)\Chameleon\internal\audio\video_crawler.py", line 2, in <module>
    import yt_dlp
ModuleNotFoundError: No module named 'yt_dlp'

[diffusion_infer STDOUT] 
2025-06-03 09:28:30,068 diffusion_infer ERROR: 
Cycle finished: 2025-06-03 09:28:29
2025-06-03 09:29:30,082 Start cycle: 2025-06-03 09:29:30
[video_crawler STDOUT] 
2025-06-03 09:29:30,243 video_crawler ERROR: Traceback (most recent call last):
  File "C:\Users\irosa\Desktop\新しいフォルダー (3)\Chameleon\internal\audio\video_crawler.py", line 2, in <module>
    import yt_dlp
ModuleNotFoundError: No module named 'yt_dlp'

[diffusion_infer STDOUT] 
2025-06-03 09:29:30,440 diffusion_infer ERROR: 
Cycle finished: 2025-06-03 09:29:30
2025-06-03 09:30:30,444 Start cycle: 2025-06-03 09:30:30
[video_crawler STDOUT] 
2025-06-03 09:30:30,607 video_crawler ERROR: Traceback (most recent call last):
  File "C:\Users\irosa\Desktop\新しいフォルダー (3)\Chameleon\internal\audio\video_crawler.py", line 2, in <module>
    import yt_dlp
ModuleNotFoundError: No module named 'yt_dlp'

[diffusion_infer STDOUT] 
2025-06-03 09:30:30,833 diffusion_infer ERROR: 
Cycle finished: 2025-06-03 09:30:30
2025-06-03 09:31:30,840 Start cycle: 2025-06-03 09:31:30
[video_crawler STDOUT] 
2025-06-03 09:31:31,014 video_crawler ERROR: Traceback (most recent call last):
  File "C:\Users\irosa\Desktop\新しいフォルダー (3)\Chameleon\internal\audio\video_crawler.py", line 2, in <module>
    import yt_dlp
ModuleNotFoundError: No module named 'yt_dlp'

[diffusion_infer STDOUT] 
2025-06-03 09:31:31,213 diffusion_infer ERROR: 
Cycle finished: 2025-06-03 09:31:30
2025-06-03 09:32:31,218 Start cycle: 2025-06-03 09:32:31
[video_crawler STDOUT] 
2025-06-03 09:32:31,369 video_crawler ERROR: Traceback (most recent call last):
  File "C:\Users\irosa\Desktop\新しいフォルダー (3)\Chameleon\internal\audio\video_crawler.py", line 2, in <module>
    import yt_dlp
ModuleNotFoundError: No module named 'yt_dlp'

[diffusion_infer STDOUT] 
2025-06-03 09:32:31,550 diffusion_infer ERROR: 
Cycle finished: 2025-06-03 09:32:31
2025-06-03 09:33:31,560 Start cycle: 2025-06-03 09:33:31
[video_crawler STDOUT] 
2025-06-03 09:33:31,724 video_crawler ERROR: Traceback (most recent call last):
  File "C:\Users\irosa\Desktop\新しいフォルダー (3)\Chameleon\internal\audio\video_crawler.py", line 2, in <module>
    import yt_dlp
ModuleNotFoundError: No module named 'yt_dlp'

[diffusion_infer STDOUT] 
2025-06-03 09:33:31,915 diffusion_infer ERROR: 
Cycle finished: 2025-06-03 09:33:31
2025-06-03 09:34:31,935 Start cycle: 2025-06-03 09:34:31
[video_crawler STDOUT] 
2025-06-03 09:34:32,060 video_crawler ERROR: Traceback (most recent call last):
  File "C:\Users\irosa\Desktop\新しいフォルダー (3)\Chameleon\internal\audio\video_crawler.py", line 2, in <module>
    import yt_dlp
ModuleNotFoundError: No module named 'yt_dlp'

[diffusion_infer STDOUT] 
2025-06-03 09:34:32,212 diffusion_infer ERROR: 
Cycle finished: 2025-06-03 09:34:31
2025-06-03 09:35:32,222 Start cycle: 2025-06-03 09:35:32
[video_crawler STDOUT] 
2025-06-03 09:35:32,360 video_crawler ERROR: Traceback (most recent call last):
  File "C:\Users\irosa\Desktop\新しいフォルダー (3)\Chameleon\internal\audio\video_crawler.py", line 2, in <module>
    import yt_dlp
ModuleNotFoundError: No module named 'yt_dlp'

[diffusion_infer STDOUT] 
2025-06-03 09:35:32,571 diffusion_infer ERROR: 
Cycle finished: 2025-06-03 09:35:32
2025-06-03 09:36:32,578 Start cycle: 2025-06-03 09:36:32
[video_crawler STDOUT] 
2025-06-03 09:36:32,758 video_crawler ERROR: Traceback (most recent call last):
  File "C:\Users\irosa\Desktop\新しいフォルダー (3)\Chameleon\internal\audio\video_crawler.py", line 2, in <module>
    import yt_dlp
ModuleNotFoundError: No module named 'yt_dlp'

[diffusion_infer STDOUT] 
2025-06-03 09:36:32,969 diffusion_infer ERROR: 
Cycle finished: 2025-06-03 09:36:32
2025-06-03 09:37:32,985 Start cycle: 2025-06-03 09:37:32
[video_crawler STDOUT] 
2025-06-03 09:37:33,122 video_crawler ERROR: Traceback (most recent call last):
  File "C:\Users\irosa\Desktop\新しいフォルダー (3)\Chameleon\internal\audio\video_crawler.py", line 2, in <module>
    import yt_dlp
ModuleNotFoundError: No module named 'yt_dlp'

[diffusion_infer STDOUT] 
2025-06-03 09:37:33,313 diffusion_infer ERROR: 
Cycle finished: 2025-06-03 09:37:32
2025-06-03 09:38:33,322 Start cycle: 2025-06-03 09:38:33
[video_crawler STDOUT] 
2025-06-03 09:38:33,487 video_crawler ERROR: Traceback (most recent call last):
  File "C:\Users\irosa\Desktop\新しいフォルダー (3)\Chameleon\internal\audio\video_crawler.py", line 2, in <module>
    import yt_dlp
ModuleNotFoundError: No module named 'yt_dlp'

[diffusion_infer STDOUT] 
2025-06-03 09:38:33,668 diffusion_infer ERROR: 
Cycle finished: 2025-06-03 09:38:33
2025-06-03 09:39:33,676 Start cycle: 2025-06-03 09:39:33
[video_crawler STDOUT] 
2025-06-03 09:39:33,788 video_crawler ERROR: Traceback (most recent call last):
  File "C:\Users\irosa\Desktop\新しいフォルダー (3)\Chameleon\internal\audio\video_crawler.py", line 2, in <module>
    import yt_dlp
ModuleNotFoundError: No module named 'yt_dlp'

[diffusion_infer STDOUT] 
2025-06-03 09:39:33,946 diffusion_infer ERROR: 
Cycle finished: 2025-06-03 09:39:33
2025-06-03 09:40:33,960 Start cycle: 2025-06-03 09:40:33
[video_crawler STDOUT] 
2025-06-03 09:40:34,076 video_crawler ERROR: Traceback (most recent call last):
  File "C:\Users\irosa\Desktop\新しいフォルダー (3)\Chameleon\internal\audio\video_crawler.py", line 2, in <module>
    import yt_dlp
ModuleNotFoundError: No module named 'yt_dlp'

[diffusion_infer STDOUT] 
2025-06-03 09:40:34,244 diffusion_infer ERROR: 
Cycle finished: 2025-06-03 09:40:33
2025-06-03 09:41:34,257 Start cycle: 2025-06-03 09:41:34
[video_crawler STDOUT] 
2025-06-03 09:41:34,387 video_crawler ERROR: Traceback (most recent call last):
  File "C:\Users\irosa\Desktop\新しいフォルダー (3)\Chameleon\internal\audio\video_crawler.py", line 2, in <module>
    import yt_dlp
ModuleNotFoundError: No module named 'yt_dlp'

[diffusion_infer STDOUT] 
2025-06-03 09:41:34,566 diffusion_infer ERROR: 
Cycle finished: 2025-06-03 09:41:34
2025-06-03 09:42:34,583 Start cycle: 2025-06-03 09:42:34
[video_crawler STDOUT] 
2025-06-03 09:42:34,794 video_crawler ERROR: Traceback (most recent call last):
  File "C:\Users\irosa\Desktop\新しいフォルダー (3)\Chameleon\internal\audio\video_crawler.py", line 2, in <module>
    import yt_dlp
ModuleNotFoundError: No module named 'yt_dlp'

[diffusion_infer STDOUT] 
2025-06-03 09:42:34,981 diffusion_infer ERROR: 
Cycle finished: 2025-06-03 09:42:34
2025-06-03 09:43:34,991 Start cycle: 2025-06-03 09:43:34
[video_crawler STDOUT] 
2025-06-03 09:43:35,149 video_crawler ERROR: Traceback (most recent call last):
  File "C:\Users\irosa\Desktop\新しいフォルダー (3)\Chameleon\internal\audio\video_crawler.py", line 2, in <module>
    import yt_dlp
ModuleNotFoundError: No module named 'yt_dlp'

[diffusion_infer STDOUT] 
2025-06-03 09:43:35,348 diffusion_infer ERROR: 
Cycle finished: 2025-06-03 09:43:34
2025-06-03 09:44:35,366 Start cycle: 2025-06-03 09:44:35
[video_crawler STDOUT] 
2025-06-03 09:44:35,492 video_crawler ERROR: Traceback (most recent call last):
  File "C:\Users\irosa\Desktop\新しいフォルダー (3)\Chameleon\internal\audio\video_crawler.py", line 2, in <module>
    import yt_dlp
ModuleNotFoundError: No module named 'yt_dlp'

[diffusion_infer STDOUT] 
2025-06-03 09:44:35,639 diffusion_infer ERROR: 
Cycle finished: 2025-06-03 09:44:35
2025-06-03 09:45:35,653 Start cycle: 2025-06-03 09:45:35
[video_crawler STDOUT] 
2025-06-03 09:45:35,792 video_crawler ERROR: Traceback (most recent call last):
  File "C:\Users\irosa\Desktop\新しいフォルダー (3)\Chameleon\internal\audio\video_crawler.py", line 2, in <module>
    import yt_dlp
ModuleNotFoundError: No module named 'yt_dlp'

[diffusion_infer STDOUT] 
2025-06-03 09:45:35,990 diffusion_infer ERROR: 
Cycle finished: 2025-06-03 09:45:35
2025-06-03 09:46:35,999 Start cycle: 2025-06-03 09:46:35
[video_crawler STDOUT] 
2025-06-03 09:46:36,115 video_crawler ERROR: Traceback (most recent call last):
  File "C:\Users\irosa\Desktop\新しいフォルダー (3)\Chameleon\internal\audio\video_crawler.py", line 2, in <module>
    import yt_dlp
ModuleNotFoundError: No module named 'yt_dlp'

[diffusion_infer STDOUT] 
2025-06-03 09:46:36,275 diffusion_infer ERROR: 
Cycle finished: 2025-06-03 09:46:35
2025-06-03 09:47:36,279 Start cycle: 2025-06-03 09:47:36
[video_crawler STDOUT] 
2025-06-03 09:47:36,414 video_crawler ERROR: Traceback (most recent call last):
  File "C:\Users\irosa\Desktop\新しいフォルダー (3)\Chameleon\internal\audio\video_crawler.py", line 2, in <module>
    import yt_dlp
ModuleNotFoundError: No module named 'yt_dlp'

[diffusion_infer STDOUT] 
2025-06-03 09:47:36,631 diffusion_infer ERROR: 
Cycle finished: 2025-06-03 09:47:36
2025-06-03 09:48:36,637 Start cycle: 2025-06-03 09:48:36
[video_crawler STDOUT] 
2025-06-03 09:48:36,785 video_crawler ERROR: Traceback (most recent call last):
  File "C:\Users\irosa\Desktop\新しいフォルダー (3)\Chameleon\internal\audio\video_crawler.py", line 2, in <module>
    import yt_dlp
ModuleNotFoundError: No module named 'yt_dlp'

[diffusion_infer STDOUT] 
2025-06-03 09:48:36,968 diffusion_infer ERROR: 
Cycle finished: 2025-06-03 09:48:36
2025-06-03 09:49:36,977 Start cycle: 2025-06-03 09:49:36
[video_crawler STDOUT] 
2025-06-03 09:49:37,147 video_crawler ERROR: Traceback (most recent call last):
  File "C:\Users\irosa\Desktop\新しいフォルダー (3)\Chameleon\internal\audio\video_crawler.py", line 2, in <module>
    import yt_dlp
ModuleNotFoundError: No module named 'yt_dlp'

[diffusion_infer STDOUT] 
2025-06-03 09:49:37,353 diffusion_infer ERROR: 
Cycle finished: 2025-06-03 09:49:36
2025-06-03 09:50:37,356 Start cycle: 2025-06-03 09:50:37
[video_crawler STDOUT] 
2025-06-03 09:50:37,491 video_crawler ERROR: Traceback (most recent call last):
  File "C:\Users\irosa\Desktop\新しいフォルダー (3)\Chameleon\internal\audio\video_crawler.py", line 2, in <module>
    import yt_dlp
ModuleNotFoundError: No module named 'yt_dlp'

[diffusion_infer STDOUT] 
2025-06-03 09:50:37,680 diffusion_infer ERROR: 
Cycle finished: 2025-06-03 09:50:37
2025-06-03 09:51:37,692 Start cycle: 2025-06-03 09:51:37
[video_crawler STDOUT] 
2025-06-03 09:51:37,846 video_crawler ERROR: Traceback (most recent call last):
  File "C:\Users\irosa\Desktop\新しいフォルダー (3)\Chameleon\internal\audio\video_crawler.py", line 2, in <module>
    import yt_dlp
ModuleNotFoundError: No module named 'yt_dlp'

[diffusion_infer STDOUT] 
2025-06-03 09:51:38,032 diffusion_infer ERROR: 
Cycle finished: 2025-06-03 09:51:37
2025-06-03 09:52:38,044 Start cycle: 2025-06-03 09:52:38
[video_crawler STDOUT] 
2025-06-03 09:52:38,175 video_crawler ERROR: Traceback (most recent call last):
  File "C:\Users\irosa\Desktop\新しいフォルダー (3)\Chameleon\internal\audio\video_crawler.py", line 2, in <module>
    import yt_dlp
ModuleNotFoundError: No module named 'yt_dlp'

[diffusion_infer STDOUT] 
2025-06-03 09:52:38,363 diffusion_infer ERROR: 
Cycle finished: 2025-06-03 09:52:38
2025-06-03 09:53:38,378 Start cycle: 2025-06-03 09:53:38
[video_crawler STDOUT] 
2025-06-03 09:53:38,514 video_crawler ERROR: Traceback (most recent call last):
  File "C:\Users\irosa\Desktop\新しいフォルダー (3)\Chameleon\internal\audio\video_crawler.py", line 2, in <module>
    import yt_dlp
ModuleNotFoundError: No module named 'yt_dlp'

[diffusion_infer STDOUT] 
2025-06-03 09:53:38,720 diffusion_infer ERROR: 
Cycle finished: 2025-06-03 09:53:38
2025-06-03 09:54:38,726 Start cycle: 2025-06-03 09:54:38
[video_crawler STDOUT] 
2025-06-03 09:54:38,862 video_crawler ERROR: Traceback (most recent call last):
  File "C:\Users\irosa\Desktop\新しいフォルダー (3)\Chameleon\internal\audio\video_crawler.py", line 2, in <module>
    import yt_dlp
ModuleNotFoundError: No module named 'yt_dlp'

[diffusion_infer STDOUT] 
2025-06-03 09:54:39,000 diffusion_infer ERROR: 
Cycle finished: 2025-06-03 09:54:38
2025-06-03 09:55:39,007 Start cycle: 2025-06-03 09:55:39
[video_crawler STDOUT] 
2025-06-03 09:55:39,144 video_crawler ERROR: Traceback (most recent call last):
  File "C:\Users\irosa\Desktop\新しいフォルダー (3)\Chameleon\internal\audio\video_crawler.py", line 2, in <module>
    import yt_dlp
ModuleNotFoundError: No module named 'yt_dlp'

[diffusion_infer STDOUT] 
2025-06-03 09:55:39,327 diffusion_infer ERROR: 
Cycle finished: 2025-06-03 09:55:39
2025-06-03 09:56:39,333 Start cycle: 2025-06-03 09:56:39
[video_crawler STDOUT] 
2025-06-03 09:56:39,470 video_crawler ERROR: Traceback (most recent call last):
  File "C:\Users\irosa\Desktop\新しいフォルダー (3)\Chameleon\internal\audio\video_crawler.py", line 2, in <module>
    import yt_dlp
ModuleNotFoundError: No module named 'yt_dlp'

[diffusion_infer STDOUT] 
2025-06-03 09:56:39,672 diffusion_infer ERROR: 
Cycle finished: 2025-06-03 09:56:39
2025-06-03 09:57:39,679 Start cycle: 2025-06-03 09:57:39
[video_crawler STDOUT] 
2025-06-03 09:57:39,808 video_crawler ERROR: Traceback (most recent call last):
  File "C:\Users\irosa\Desktop\新しいフォルダー (3)\Chameleon\internal\audio\video_crawler.py", line 2, in <module>
    import yt_dlp
ModuleNotFoundError: No module named 'yt_dlp'

[diffusion_infer STDOUT] 
2025-06-03 09:57:39,985 diffusion_infer ERROR: 
Cycle finished: 2025-06-03 09:57:39
2025-06-03 09:58:40,000 Start cycle: 2025-06-03 09:58:40
[video_crawler STDOUT] 
2025-06-03 09:58:40,129 video_crawler ERROR: Traceback (most recent call last):
  File "C:\Users\irosa\Desktop\新しいフォルダー (3)\Chameleon\internal\audio\video_crawler.py", line 2, in <module>
    import yt_dlp
ModuleNotFoundError: No module named 'yt_dlp'

[diffusion_infer STDOUT] 
2025-06-03 09:58:40,262 diffusion_infer ERROR: 
Cycle finished: 2025-06-03 09:58:40
2025-06-03 09:59:40,269 Start cycle: 2025-06-03 09:59:40
[video_crawler STDOUT] 
2025-06-03 09:59:40,422 video_crawler ERROR: Traceback (most recent call last):
  File "C:\Users\irosa\Desktop\新しいフォルダー (3)\Chameleon\internal\audio\video_crawler.py", line 2, in <module>
    import yt_dlp
ModuleNotFoundError: No module named 'yt_dlp'

[diffusion_infer STDOUT] 
2025-06-03 09:59:40,631 diffusion_infer ERROR: 
Cycle finished: 2025-06-03 09:59:40
2025-06-03 10:00:40,649 Start cycle: 2025-06-03 10:00:40
[video_crawler STDOUT] 
2025-06-03 10:00:40,805 video_crawler ERROR: Traceback (most recent call last):
  File "C:\Users\irosa\Desktop\新しいフォルダー (3)\Chameleon\internal\audio\video_crawler.py", line 2, in <module>
    import yt_dlp
ModuleNotFoundError: No module named 'yt_dlp'

[diffusion_infer STDOUT] 
2025-06-03 10:00:40,991 diffusion_infer ERROR: 
Cycle finished: 2025-06-03 10:00:40
2025-06-03 10:01:40,999 Start cycle: 2025-06-03 10:01:40
[video_crawler STDOUT] 
2025-06-03 10:01:41,134 video_crawler ERROR: Traceback (most recent call last):
  File "C:\Users\irosa\Desktop\新しいフォルダー (3)\Chameleon\internal\audio\video_crawler.py", line 2, in <module>
    import yt_dlp
ModuleNotFoundError: No module named 'yt_dlp'

[diffusion_infer STDOUT] 
2025-06-03 10:01:41,303 diffusion_infer ERROR: 
Cycle finished: 2025-06-03 10:01:40
2025-06-03 10:02:41,311 Start cycle: 2025-06-03 10:02:41
[video_crawler STDOUT] 
2025-06-03 10:02:41,469 video_crawler ERROR: Traceback (most recent call last):
  File "C:\Users\irosa\Desktop\新しいフォルダー (3)\Chameleon\internal\audio\video_crawler.py", line 2, in <module>
    import yt_dlp
ModuleNotFoundError: No module named 'yt_dlp'

[diffusion_infer STDOUT] 
2025-06-03 10:02:41,662 diffusion_infer ERROR: 
Cycle finished: 2025-06-03 10:02:41
2025-06-03 10:03:41,676 Start cycle: 2025-06-03 10:03:41
[video_crawler STDOUT] 
2025-06-03 10:03:41,832 video_crawler ERROR: Traceback (most recent call last):
  File "C:\Users\irosa\Desktop\新しいフォルダー (3)\Chameleon\internal\audio\video_crawler.py", line 2, in <module>
    import yt_dlp
ModuleNotFoundError: No module named 'yt_dlp'

[diffusion_infer STDOUT] 
2025-06-03 10:03:42,049 diffusion_infer ERROR: 
Cycle finished: 2025-06-03 10:03:41
2025-06-03 10:04:42,061 Start cycle: 2025-06-03 10:04:42
[video_crawler STDOUT] 
2025-06-03 10:04:42,184 video_crawler ERROR: Traceback (most recent call last):
  File "C:\Users\irosa\Desktop\新しいフォルダー (3)\Chameleon\internal\audio\video_crawler.py", line 2, in <module>
    import yt_dlp
ModuleNotFoundError: No module named 'yt_dlp'

[diffusion_infer STDOUT] 
2025-06-03 10:04:42,348 diffusion_infer ERROR: 
Cycle finished: 2025-06-03 10:04:42
2025-06-03 10:05:42,356 Start cycle: 2025-06-03 10:05:42
[video_crawler STDOUT] 
2025-06-03 10:05:42,492 video_crawler ERROR: Traceback (most recent call last):
  File "C:\Users\irosa\Desktop\新しいフォルダー (3)\Chameleon\internal\audio\video_crawler.py", line 2, in <module>
    import yt_dlp
ModuleNotFoundError: No module named 'yt_dlp'

[diffusion_infer STDOUT] 
2025-06-03 10:05:42,681 diffusion_infer ERROR: 
Cycle finished: 2025-06-03 10:05:42
2025-06-03 10:06:42,691 Start cycle: 2025-06-03 10:06:42
[video_crawler STDOUT] 
2025-06-03 10:06:42,854 video_crawler ERROR: Traceback (most recent call last):
  File "C:\Users\irosa\Desktop\新しいフォルダー (3)\Chameleon\internal\audio\video_crawler.py", line 2, in <module>
    import yt_dlp
ModuleNotFoundError: No module named 'yt_dlp'

[diffusion_infer STDOUT] 
2025-06-03 10:06:43,025 diffusion_infer ERROR: 
Cycle finished: 2025-06-03 10:06:42
2025-06-03 10:07:43,029 Start cycle: 2025-06-03 10:07:43
[video_crawler STDOUT] 
2025-06-03 10:07:43,155 video_crawler ERROR: Traceback (most recent call last):
  File "C:\Users\irosa\Desktop\新しいフォルダー (3)\Chameleon\internal\audio\video_crawler.py", line 2, in <module>
    import yt_dlp
ModuleNotFoundError: No module named 'yt_dlp'

[diffusion_infer STDOUT] 
2025-06-03 10:07:43,346 diffusion_infer ERROR: 
Cycle finished: 2025-06-03 10:07:43
2025-06-03 10:08:43,360 Start cycle: 2025-06-03 10:08:43
[video_crawler STDOUT] 
2025-06-03 10:08:43,516 video_crawler ERROR: Traceback (most recent call last):
  File "C:\Users\irosa\Desktop\新しいフォルダー (3)\Chameleon\internal\audio\video_crawler.py", line 2, in <module>
    import yt_dlp
ModuleNotFoundError: No module named 'yt_dlp'

[diffusion_infer STDOUT] 
2025-06-03 10:08:43,693 diffusion_infer ERROR: 
Cycle finished: 2025-06-03 10:08:43
2025-06-03 10:09:43,701 Start cycle: 2025-06-03 10:09:43
[video_crawler STDOUT] 
2025-06-03 10:09:43,850 video_crawler ERROR: Traceback (most recent call last):
  File "C:\Users\irosa\Desktop\新しいフォルダー (3)\Chameleon\internal\audio\video_crawler.py", line 2, in <module>
    import yt_dlp
ModuleNotFoundError: No module named 'yt_dlp'

[diffusion_infer STDOUT] 
2025-06-03 10:09:44,018 diffusion_infer ERROR: 
Cycle finished: 2025-06-03 10:09:43
2025-06-03 10:10:44,024 Start cycle: 2025-06-03 10:10:44
[video_crawler STDOUT] 
2025-06-03 10:10:44,226 video_crawler ERROR: Traceback (most recent call last):
  File "C:\Users\irosa\Desktop\新しいフォルダー (3)\Chameleon\internal\audio\video_crawler.py", line 2, in <module>
    import yt_dlp
ModuleNotFoundError: No module named 'yt_dlp'

[diffusion_infer STDOUT] 
2025-06-03 10:10:44,430 diffusion_infer ERROR: 
Cycle finished: 2025-06-03 10:10:44
2025-06-03 10:11:44,448 Start cycle: 2025-06-03 10:11:44
[video_crawler STDOUT] 
2025-06-03 10:11:44,599 video_crawler ERROR: Traceback (most recent call last):
  File "C:\Users\irosa\Desktop\新しいフォルダー (3)\Chameleon\internal\audio\video_crawler.py", line 2, in <module>
    import yt_dlp
ModuleNotFoundError: No module named 'yt_dlp'

[diffusion_infer STDOUT] 
2025-06-03 10:11:44,795 diffusion_infer ERROR: 
Cycle finished: 2025-06-03 10:11:44
2025-06-03 10:12:44,800 Start cycle: 2025-06-03 10:12:44
[video_crawler STDOUT] 
2025-06-03 10:12:44,989 video_crawler ERROR: Traceback (most recent call last):
  File "C:\Users\irosa\Desktop\新しいフォルダー (3)\Chameleon\internal\audio\video_crawler.py", line 2, in <module>
    import yt_dlp
ModuleNotFoundError: No module named 'yt_dlp'

[diffusion_infer STDOUT] 
2025-06-03 10:12:45,153 diffusion_infer ERROR: 
Cycle finished: 2025-06-03 10:12:44
2025-06-03 10:13:45,166 Start cycle: 2025-06-03 10:13:45
[video_crawler STDOUT] 
2025-06-03 10:13:45,308 video_crawler ERROR: Traceback (most recent call last):
  File "C:\Users\irosa\Desktop\新しいフォルダー (3)\Chameleon\internal\audio\video_crawler.py", line 2, in <module>
    import yt_dlp
ModuleNotFoundError: No module named 'yt_dlp'

[diffusion_infer STDOUT] 
2025-06-03 10:13:45,509 diffusion_infer ERROR: 
Cycle finished: 2025-06-03 10:13:45
2025-06-03 10:14:45,522 Start cycle: 2025-06-03 10:14:45
[video_crawler STDOUT] 
2025-06-03 10:14:45,659 video_crawler ERROR: Traceback (most recent call last):
  File "C:\Users\irosa\Desktop\新しいフォルダー (3)\Chameleon\internal\audio\video_crawler.py", line 2, in <module>
    import yt_dlp
ModuleNotFoundError: No module named 'yt_dlp'

[diffusion_infer STDOUT] 
2025-06-03 10:14:45,863 diffusion_infer ERROR: 
Cycle finished: 2025-06-03 10:14:45
2025-06-03 10:15:45,876 Start cycle: 2025-06-03 10:15:45
[video_crawler STDOUT] 
2025-06-03 10:15:46,022 video_crawler ERROR: Traceback (most recent call last):
  File "C:\Users\irosa\Desktop\新しいフォルダー (3)\Chameleon\internal\audio\video_crawler.py", line 2, in <module>
    import yt_dlp
ModuleNotFoundError: No module named 'yt_dlp'

[diffusion_infer STDOUT] 
2025-06-03 10:15:46,224 diffusion_infer ERROR: 
Cycle finished: 2025-06-03 10:15:45
2025-06-03 10:16:46,235 Start cycle: 2025-06-03 10:16:46
[video_crawler STDOUT] 
2025-06-03 10:16:46,387 video_crawler ERROR: Traceback (most recent call last):
  File "C:\Users\irosa\Desktop\新しいフォルダー (3)\Chameleon\internal\audio\video_crawler.py", line 2, in <module>
    import yt_dlp
ModuleNotFoundError: No module named 'yt_dlp'

[diffusion_infer STDOUT] 
2025-06-03 10:16:46,575 diffusion_infer ERROR: 
Cycle finished: 2025-06-03 10:16:46
2025-06-03 10:17:46,580 Start cycle: 2025-06-03 10:17:46
[video_crawler STDOUT] 
2025-06-03 10:17:46,716 video_crawler ERROR: Traceback (most recent call last):
  File "C:\Users\irosa\Desktop\新しいフォルダー (3)\Chameleon\internal\audio\video_crawler.py", line 2, in <module>
    import yt_dlp
ModuleNotFoundError: No module named 'yt_dlp'

[diffusion_infer STDOUT] 
2025-06-03 10:17:46,895 diffusion_infer ERROR: 
Cycle finished: 2025-06-03 10:17:46
2025-06-03 10:18:46,910 Start cycle: 2025-06-03 10:18:46
[video_crawler STDOUT] 
2025-06-03 10:18:47,025 video_crawler ERROR: Traceback (most recent call last):
  File "C:\Users\irosa\Desktop\新しいフォルダー (3)\Chameleon\internal\audio\video_crawler.py", line 2, in <module>
    import yt_dlp
ModuleNotFoundError: No module named 'yt_dlp'

[diffusion_infer STDOUT] 
2025-06-03 10:18:47,196 diffusion_infer ERROR: 
Cycle finished: 2025-06-03 10:18:46
2025-06-03 10:19:47,198 Start cycle: 2025-06-03 10:19:47
[video_crawler STDOUT] 
2025-06-03 10:19:47,323 video_crawler ERROR: Traceback (most recent call last):
  File "C:\Users\irosa\Desktop\新しいフォルダー (3)\Chameleon\internal\audio\video_crawler.py", line 2, in <module>
    import yt_dlp
ModuleNotFoundError: No module named 'yt_dlp'

[diffusion_infer STDOUT] 
2025-06-03 10:19:47,501 diffusion_infer ERROR: 
Cycle finished: 2025-06-03 10:19:47
2025-06-03 10:20:47,515 Start cycle: 2025-06-03 10:20:47
[video_crawler STDOUT] 
2025-06-03 10:20:47,617 video_crawler ERROR: Traceback (most recent call last):
  File "C:\Users\irosa\Desktop\新しいフォルダー (3)\Chameleon\internal\audio\video_crawler.py", line 2, in <module>
    import yt_dlp
ModuleNotFoundError: No module named 'yt_dlp'

[diffusion_infer STDOUT] 
2025-06-03 10:20:47,760 diffusion_infer ERROR: 
Cycle finished: 2025-06-03 10:20:47
2025-06-03 10:21:47,768 Start cycle: 2025-06-03 10:21:47
[video_crawler STDOUT] 
2025-06-03 10:21:47,904 video_crawler ERROR: Traceback (most recent call last):
  File "C:\Users\irosa\Desktop\新しいフォルダー (3)\Chameleon\internal\audio\video_crawler.py", line 2, in <module>
    import yt_dlp
ModuleNotFoundError: No module named 'yt_dlp'

[diffusion_infer STDOUT] 
2025-06-03 10:21:48,077 diffusion_infer ERROR: 
Cycle finished: 2025-06-03 10:21:47
2025-06-03 10:22:48,084 Start cycle: 2025-06-03 10:22:48
[video_crawler STDOUT] 
2025-06-03 10:22:48,220 video_crawler ERROR: Traceback (most recent call last):
  File "C:\Users\irosa\Desktop\新しいフォルダー (3)\Chameleon\internal\audio\video_crawler.py", line 2, in <module>
    import yt_dlp
ModuleNotFoundError: No module named 'yt_dlp'

[diffusion_infer STDOUT] 
2025-06-03 10:22:48,395 diffusion_infer ERROR: 
Cycle finished: 2025-06-03 10:22:48
2025-06-03 10:23:48,410 Start cycle: 2025-06-03 10:23:48
[video_crawler STDOUT] 
2025-06-03 10:23:48,558 video_crawler ERROR: Traceback (most recent call last):
  File "C:\Users\irosa\Desktop\新しいフォルダー (3)\Chameleon\internal\audio\video_crawler.py", line 2, in <module>
    import yt_dlp
ModuleNotFoundError: No module named 'yt_dlp'

[diffusion_infer STDOUT] 
2025-06-03 10:23:48,716 diffusion_infer ERROR: 
Cycle finished: 2025-06-03 10:23:48
2025-06-03 10:24:48,731 Start cycle: 2025-06-03 10:24:48
[video_crawler STDOUT] 
2025-06-03 10:24:48,882 video_crawler ERROR: Traceback (most recent call last):
  File "C:\Users\irosa\Desktop\新しいフォルダー (3)\Chameleon\internal\audio\video_crawler.py", line 2, in <module>
    import yt_dlp
ModuleNotFoundError: No module named 'yt_dlp'

[diffusion_infer STDOUT] 
2025-06-03 10:24:49,050 diffusion_infer ERROR: 
Cycle finished: 2025-06-03 10:24:48
2025-06-03 10:25:49,062 Start cycle: 2025-06-03 10:25:49
[video_crawler STDOUT] 
2025-06-03 10:25:49,198 video_crawler ERROR: Traceback (most recent call last):
  File "C:\Users\irosa\Desktop\新しいフォルダー (3)\Chameleon\internal\audio\video_crawler.py", line 2, in <module>
    import yt_dlp
ModuleNotFoundError: No module named 'yt_dlp'

[diffusion_infer STDOUT] 
2025-06-03 10:25:49,369 diffusion_infer ERROR: 
Cycle finished: 2025-06-03 10:25:49
2025-06-03 10:26:49,375 Start cycle: 2025-06-03 10:26:49
[video_crawler STDOUT] 
2025-06-03 10:26:49,485 video_crawler ERROR: Traceback (most recent call last):
  File "C:\Users\irosa\Desktop\新しいフォルダー (3)\Chameleon\internal\audio\video_crawler.py", line 2, in <module>
    import yt_dlp
ModuleNotFoundError: No module named 'yt_dlp'

[diffusion_infer STDOUT] 
2025-06-03 10:26:49,651 diffusion_infer ERROR: 
Cycle finished: 2025-06-03 10:26:49
2025-06-03 10:26:59,655 Start cycle: 2025-06-03 10:26:59
2025-06-03 10:26:59,779 video_crawler ERROR: Traceback (most recent call last):
  File "C:\Users\irosa\Desktop\新しいフォルダー (3)\Chameleon\internal\audio\video_crawler.py", line 2, in <module>
    import yt_dlp
ModuleNotFoundError: No module named 'yt_dlp'

2025-06-03 10:26:59,973 diffusion_infer ERROR: 
Cycle finished: 2025-06-03 10:26:59
2025-06-03 10:27:49,664 Start cycle: 2025-06-03 10:27:49
[video_crawler STDOUT] 
2025-06-03 10:27:49,801 video_crawler ERROR: Traceback (most recent call last):
  File "C:\Users\irosa\Desktop\新しいフォルダー (3)\Chameleon\internal\audio\video_crawler.py", line 2, in <module>
    import yt_dlp
ModuleNotFoundError: No module named 'yt_dlp'

[diffusion_infer STDOUT] 
2025-06-03 10:27:49,964 diffusion_infer ERROR: 
Cycle finished: 2025-06-03 10:27:49
2025-06-03 10:28:49,979 Start cycle: 2025-06-03 10:28:49
[video_crawler STDOUT] 
2025-06-03 10:28:50,103 video_crawler ERROR: Traceback (most recent call last):
  File "C:\Users\irosa\Desktop\新しいフォルダー (3)\Chameleon\internal\audio\video_crawler.py", line 2, in <module>
    import yt_dlp
ModuleNotFoundError: No module named 'yt_dlp'

[diffusion_infer STDOUT] 
2025-06-03 10:28:50,278 diffusion_infer ERROR: 
Cycle finished: 2025-06-03 10:28:49
2025-06-03 10:29:50,284 Start cycle: 2025-06-03 10:29:50
[video_crawler STDOUT] 
2025-06-03 10:29:50,437 video_crawler ERROR: Traceback (most recent call last):
  File "C:\Users\irosa\Desktop\新しいフォルダー (3)\Chameleon\internal\audio\video_crawler.py", line 2, in <module>
    import yt_dlp
ModuleNotFoundError: No module named 'yt_dlp'

[diffusion_infer STDOUT] 
2025-06-03 10:29:50,636 diffusion_infer ERROR: 
Cycle finished: 2025-06-03 10:29:50
2025-06-03 10:30:50,639 Start cycle: 2025-06-03 10:30:50
[video_crawler STDOUT] 
2025-06-03 10:30:50,783 video_crawler ERROR: Traceback (most recent call last):
  File "C:\Users\irosa\Desktop\新しいフォルダー (3)\Chameleon\internal\audio\video_crawler.py", line 2, in <module>
    import yt_dlp
ModuleNotFoundError: No module named 'yt_dlp'

[diffusion_infer STDOUT] 
2025-06-03 10:30:50,991 diffusion_infer ERROR: 
Cycle finished: 2025-06-03 10:30:50
2025-06-03 10:31:50,997 Start cycle: 2025-06-03 10:31:50
[video_crawler STDOUT] 
2025-06-03 10:31:51,121 video_crawler ERROR: Traceback (most recent call last):
  File "C:\Users\irosa\Desktop\新しいフォルダー (3)\Chameleon\internal\audio\video_crawler.py", line 2, in <module>
    import yt_dlp
ModuleNotFoundError: No module named 'yt_dlp'

[diffusion_infer STDOUT] 
2025-06-03 10:31:51,276 diffusion_infer ERROR: 
Cycle finished: 2025-06-03 10:31:50
2025-06-03 10:32:51,290 Start cycle: 2025-06-03 10:32:51
[video_crawler STDOUT] 
2025-06-03 10:32:51,427 video_crawler ERROR: Traceback (most recent call last):
  File "C:\Users\irosa\Desktop\新しいフォルダー (3)\Chameleon\internal\audio\video_crawler.py", line 2, in <module>
    import yt_dlp
ModuleNotFoundError: No module named 'yt_dlp'

[diffusion_infer STDOUT] 
2025-06-03 10:32:51,620 diffusion_infer ERROR: 
Cycle finished: 2025-06-03 10:32:51
2025-06-03 10:33:51,638 Start cycle: 2025-06-03 10:33:51
[video_crawler STDOUT] 
2025-06-03 10:33:51,779 video_crawler ERROR: Traceback (most recent call last):
  File "C:\Users\irosa\Desktop\新しいフォルダー (3)\Chameleon\internal\audio\video_crawler.py", line 2, in <module>
    import yt_dlp
ModuleNotFoundError: No module named 'yt_dlp'

[diffusion_infer STDOUT] 
2025-06-03 10:33:51,961 diffusion_infer ERROR: 
Cycle finished: 2025-06-03 10:33:51
2025-06-03 10:34:51,973 Start cycle: 2025-06-03 10:34:51
[video_crawler STDOUT] 
2025-06-03 10:34:52,108 video_crawler ERROR: Traceback (most recent call last):
  File "C:\Users\irosa\Desktop\新しいフォルダー (3)\Chameleon\internal\audio\video_crawler.py", line 2, in <module>
    import yt_dlp
ModuleNotFoundError: No module named 'yt_dlp'

[diffusion_infer STDOUT] 
2025-06-03 10:34:52,267 diffusion_infer ERROR: 
Cycle finished: 2025-06-03 10:34:51
2025-06-03 10:35:52,280 Start cycle: 2025-06-03 10:35:52
[video_crawler STDOUT] 
2025-06-03 10:35:52,418 video_crawler ERROR: Traceback (most recent call last):
  File "C:\Users\irosa\Desktop\新しいフォルダー (3)\Chameleon\internal\audio\video_crawler.py", line 2, in <module>
    import yt_dlp
ModuleNotFoundError: No module named 'yt_dlp'

[diffusion_infer STDOUT] 
2025-06-03 10:35:52,630 diffusion_infer ERROR: 
Cycle finished: 2025-06-03 10:35:52
2025-06-03 10:36:52,640 Start cycle: 2025-06-03 10:36:52
[video_crawler STDOUT] 
2025-06-03 10:36:52,786 video_crawler ERROR: Traceback (most recent call last):
  File "C:\Users\irosa\Desktop\新しいフォルダー (3)\Chameleon\internal\audio\video_crawler.py", line 2, in <module>
    import yt_dlp
ModuleNotFoundError: No module named 'yt_dlp'

[diffusion_infer STDOUT] 
2025-06-03 10:36:52,980 diffusion_infer ERROR: 
Cycle finished: 2025-06-03 10:36:52
2025-06-03 10:37:52,986 Start cycle: 2025-06-03 10:37:52
[video_crawler STDOUT] 
2025-06-03 10:37:53,124 video_crawler ERROR: Traceback (most recent call last):
  File "C:\Users\irosa\Desktop\新しいフォルダー (3)\Chameleon\internal\audio\video_crawler.py", line 2, in <module>
    import yt_dlp
ModuleNotFoundError: No module named 'yt_dlp'

[diffusion_infer STDOUT] 
2025-06-03 10:37:53,293 diffusion_infer ERROR: 
Cycle finished: 2025-06-03 10:37:52
2025-06-03 10:38:53,304 Start cycle: 2025-06-03 10:38:53
[video_crawler STDOUT] 
2025-06-03 10:38:53,457 video_crawler ERROR: Traceback (most recent call last):
  File "C:\Users\irosa\Desktop\新しいフォルダー (3)\Chameleon\internal\audio\video_crawler.py", line 2, in <module>
    import yt_dlp
ModuleNotFoundError: No module named 'yt_dlp'

[diffusion_infer STDOUT] 
2025-06-03 10:38:53,640 diffusion_infer ERROR: 
Cycle finished: 2025-06-03 10:38:53
2025-06-03 10:39:53,647 Start cycle: 2025-06-03 10:39:53
[video_crawler STDOUT] 
2025-06-03 10:39:53,785 video_crawler ERROR: Traceback (most recent call last):
  File "C:\Users\irosa\Desktop\新しいフォルダー (3)\Chameleon\internal\audio\video_crawler.py", line 2, in <module>
    import yt_dlp
ModuleNotFoundError: No module named 'yt_dlp'

[diffusion_infer STDOUT] 
2025-06-03 10:39:53,960 diffusion_infer ERROR: 
Cycle finished: 2025-06-03 10:39:53
2025-06-03 10:40:53,965 Start cycle: 2025-06-03 10:40:53
[video_crawler STDOUT] 
2025-06-03 10:40:54,097 video_crawler ERROR: Traceback (most recent call last):
  File "C:\Users\irosa\Desktop\新しいフォルダー (3)\Chameleon\internal\audio\video_crawler.py", line 2, in <module>
    import yt_dlp
ModuleNotFoundError: No module named 'yt_dlp'

[diffusion_infer STDOUT] 
2025-06-03 10:40:54,280 diffusion_infer ERROR: 
Cycle finished: 2025-06-03 10:40:53
2025-06-03 10:41:54,284 Start cycle: 2025-06-03 10:41:54
[video_crawler STDOUT] 
2025-06-03 10:41:54,433 video_crawler ERROR: Traceback (most recent call last):
  File "C:\Users\irosa\Desktop\新しいフォルダー (3)\Chameleon\internal\audio\video_crawler.py", line 2, in <module>
    import yt_dlp
ModuleNotFoundError: No module named 'yt_dlp'

[diffusion_infer STDOUT] 
2025-06-03 10:41:54,614 diffusion_infer ERROR: 
Cycle finished: 2025-06-03 10:41:54
2025-06-03 10:42:54,621 Start cycle: 2025-06-03 10:42:54
[video_crawler STDOUT] 
2025-06-03 10:42:54,753 video_crawler ERROR: Traceback (most recent call last):
  File "C:\Users\irosa\Desktop\新しいフォルダー (3)\Chameleon\internal\audio\video_crawler.py", line 2, in <module>
    import yt_dlp
ModuleNotFoundError: No module named 'yt_dlp'

[diffusion_infer STDOUT] 
2025-06-03 10:42:54,903 diffusion_infer ERROR: 
Cycle finished: 2025-06-03 10:42:54
2025-06-03 10:43:54,907 Start cycle: 2025-06-03 10:43:54
[video_crawler STDOUT] 
2025-06-03 10:43:55,062 video_crawler ERROR: Traceback (most recent call last):
  File "C:\Users\irosa\Desktop\新しいフォルダー (3)\Chameleon\internal\audio\video_crawler.py", line 2, in <module>
    import yt_dlp
ModuleNotFoundError: No module named 'yt_dlp'

[diffusion_infer STDOUT] 
2025-06-03 10:43:55,248 diffusion_infer ERROR: 
Cycle finished: 2025-06-03 10:43:54
2025-06-03 10:44:55,250 Start cycle: 2025-06-03 10:44:55
[video_crawler STDOUT] 
2025-06-03 10:44:55,386 video_crawler ERROR: Traceback (most recent call last):
  File "C:\Users\irosa\Desktop\新しいフォルダー (3)\Chameleon\internal\audio\video_crawler.py", line 2, in <module>
    import yt_dlp
ModuleNotFoundError: No module named 'yt_dlp'

[diffusion_infer STDOUT] 
2025-06-03 10:44:55,542 diffusion_infer ERROR: 
Cycle finished: 2025-06-03 10:44:55
2025-06-03 10:45:55,551 Start cycle: 2025-06-03 10:45:55
[video_crawler STDOUT] 
2025-06-03 10:45:55,655 video_crawler ERROR: Traceback (most recent call last):
  File "C:\Users\irosa\Desktop\新しいフォルダー (3)\Chameleon\internal\audio\video_crawler.py", line 2, in <module>
    import yt_dlp
ModuleNotFoundError: No module named 'yt_dlp'

[diffusion_infer STDOUT] 
2025-06-03 10:45:55,810 diffusion_infer ERROR: 
Cycle finished: 2025-06-03 10:45:55
2025-06-03 10:46:55,813 Start cycle: 2025-06-03 10:46:55
[video_crawler STDOUT] 
2025-06-03 10:46:55,937 video_crawler ERROR: Traceback (most recent call last):
  File "C:\Users\irosa\Desktop\新しいフォルダー (3)\Chameleon\internal\audio\video_crawler.py", line 2, in <module>
    import yt_dlp
ModuleNotFoundError: No module named 'yt_dlp'

[diffusion_infer STDOUT] 
2025-06-03 10:46:56,095 diffusion_infer ERROR: 
Cycle finished: 2025-06-03 10:46:55
2025-06-03 10:47:56,106 Start cycle: 2025-06-03 10:47:56
[video_crawler STDOUT] 
2025-06-03 10:47:56,244 video_crawler ERROR: Traceback (most recent call last):
  File "C:\Users\irosa\Desktop\新しいフォルダー (3)\Chameleon\internal\audio\video_crawler.py", line 2, in <module>
    import yt_dlp
ModuleNotFoundError: No module named 'yt_dlp'

[diffusion_infer STDOUT] 
2025-06-03 10:47:56,413 diffusion_infer ERROR: 
Cycle finished: 2025-06-03 10:47:56
2025-06-03 10:48:56,418 Start cycle: 2025-06-03 10:48:56
[video_crawler STDOUT] 
2025-06-03 10:48:56,533 video_crawler ERROR: Traceback (most recent call last):
  File "C:\Users\irosa\Desktop\新しいフォルダー (3)\Chameleon\internal\audio\video_crawler.py", line 2, in <module>
    import yt_dlp
ModuleNotFoundError: No module named 'yt_dlp'

[diffusion_infer STDOUT] 
2025-06-03 10:48:56,697 diffusion_infer ERROR: 
Cycle finished: 2025-06-03 10:48:56
2025-06-03 10:49:56,704 Start cycle: 2025-06-03 10:49:56
[video_crawler STDOUT] 
2025-06-03 10:49:56,845 video_crawler ERROR: Traceback (most recent call last):
  File "C:\Users\irosa\Desktop\新しいフォルダー (3)\Chameleon\internal\audio\video_crawler.py", line 2, in <module>
    import yt_dlp
ModuleNotFoundError: No module named 'yt_dlp'

[diffusion_infer STDOUT] 
2025-06-03 10:49:57,007 diffusion_infer ERROR: 
Cycle finished: 2025-06-03 10:49:56
2025-06-03 10:50:57,017 Start cycle: 2025-06-03 10:50:57
[video_crawler STDOUT] 
2025-06-03 10:50:57,125 video_crawler ERROR: Traceback (most recent call last):
  File "C:\Users\irosa\Desktop\新しいフォルダー (3)\Chameleon\internal\audio\video_crawler.py", line 2, in <module>
    import yt_dlp
ModuleNotFoundError: No module named 'yt_dlp'

[diffusion_infer STDOUT] 
2025-06-03 10:50:57,264 diffusion_infer ERROR: 
Cycle finished: 2025-06-03 10:50:57
2025-06-03 10:51:57,274 Start cycle: 2025-06-03 10:51:57
[video_crawler STDOUT] 
2025-06-03 10:51:57,425 video_crawler ERROR: Traceback (most recent call last):
  File "C:\Users\irosa\Desktop\新しいフォルダー (3)\Chameleon\internal\audio\video_crawler.py", line 2, in <module>
    import yt_dlp
ModuleNotFoundError: No module named 'yt_dlp'

[diffusion_infer STDOUT] 
2025-06-03 10:51:57,609 diffusion_infer ERROR: 
Cycle finished: 2025-06-03 10:51:57
2025-06-03 10:52:57,613 Start cycle: 2025-06-03 10:52:57
[video_crawler STDOUT] 
2025-06-03 10:52:57,763 video_crawler ERROR: Traceback (most recent call last):
  File "C:\Users\irosa\Desktop\新しいフォルダー (3)\Chameleon\internal\audio\video_crawler.py", line 2, in <module>
    import yt_dlp
ModuleNotFoundError: No module named 'yt_dlp'

[diffusion_infer STDOUT] 
2025-06-03 10:52:57,953 diffusion_infer ERROR: 
Cycle finished: 2025-06-03 10:52:57
2025-06-03 10:53:57,956 Start cycle: 2025-06-03 10:53:57
[video_crawler STDOUT] 
2025-06-03 10:53:58,060 video_crawler ERROR: Traceback (most recent call last):
  File "C:\Users\irosa\Desktop\新しいフォルダー (3)\Chameleon\internal\audio\video_crawler.py", line 2, in <module>
    import yt_dlp
ModuleNotFoundError: No module named 'yt_dlp'

[diffusion_infer STDOUT] 
2025-06-03 10:53:58,199 diffusion_infer ERROR: 
Cycle finished: 2025-06-03 10:53:57
2025-06-03 10:54:58,204 Start cycle: 2025-06-03 10:54:58
[video_crawler STDOUT] 
2025-06-03 10:54:58,363 video_crawler ERROR: Traceback (most recent call last):
  File "C:\Users\irosa\Desktop\新しいフォルダー (3)\Chameleon\internal\audio\video_crawler.py", line 2, in <module>
    import yt_dlp
ModuleNotFoundError: No module named 'yt_dlp'

[diffusion_infer STDOUT] 
2025-06-03 10:54:58,562 diffusion_infer ERROR: 
Cycle finished: 2025-06-03 10:54:58
2025-06-03 10:55:58,569 Start cycle: 2025-06-03 10:55:58
[video_crawler STDOUT] 
2025-06-03 10:55:58,692 video_crawler ERROR: Traceback (most recent call last):
  File "C:\Users\irosa\Desktop\新しいフォルダー (3)\Chameleon\internal\audio\video_crawler.py", line 2, in <module>
    import yt_dlp
ModuleNotFoundError: No module named 'yt_dlp'

[diffusion_infer STDOUT] 
2025-06-03 10:55:58,866 diffusion_infer ERROR: 
Cycle finished: 2025-06-03 10:55:58
2025-06-03 10:56:58,879 Start cycle: 2025-06-03 10:56:58
[video_crawler STDOUT] 
2025-06-03 10:56:59,017 video_crawler ERROR: Traceback (most recent call last):
  File "C:\Users\irosa\Desktop\新しいフォルダー (3)\Chameleon\internal\audio\video_crawler.py", line 2, in <module>
    import yt_dlp
ModuleNotFoundError: No module named 'yt_dlp'

[diffusion_infer STDOUT] 
2025-06-03 10:56:59,197 diffusion_infer ERROR: 
Cycle finished: 2025-06-03 10:56:58
2025-06-03 10:57:59,204 Start cycle: 2025-06-03 10:57:59
[video_crawler STDOUT] 
2025-06-03 10:57:59,343 video_crawler ERROR: Traceback (most recent call last):
  File "C:\Users\irosa\Desktop\新しいフォルダー (3)\Chameleon\internal\audio\video_crawler.py", line 2, in <module>
    import yt_dlp
ModuleNotFoundError: No module named 'yt_dlp'

[diffusion_infer STDOUT] 
2025-06-03 10:57:59,521 diffusion_infer ERROR: 
Cycle finished: 2025-06-03 10:57:59
2025-06-03 10:58:59,533 Start cycle: 2025-06-03 10:58:59
[video_crawler STDOUT] 
2025-06-03 10:58:59,662 video_crawler ERROR: Traceback (most recent call last):
  File "C:\Users\irosa\Desktop\新しいフォルダー (3)\Chameleon\internal\audio\video_crawler.py", line 2, in <module>
    import yt_dlp
ModuleNotFoundError: No module named 'yt_dlp'

[diffusion_infer STDOUT] 
2025-06-03 10:58:59,858 diffusion_infer ERROR: 
Cycle finished: 2025-06-03 10:58:59
2025-06-03 10:59:59,860 Start cycle: 2025-06-03 10:59:59
[video_crawler STDOUT] 
2025-06-03 10:59:59,985 video_crawler ERROR: Traceback (most recent call last):
  File "C:\Users\irosa\Desktop\新しいフォルダー (3)\Chameleon\internal\audio\video_crawler.py", line 2, in <module>
    import yt_dlp
ModuleNotFoundError: No module named 'yt_dlp'

[diffusion_infer STDOUT] 
2025-06-03 11:00:00,180 diffusion_infer ERROR: 
Cycle finished: 2025-06-03 10:59:59
2025-06-03 11:01:00,183 Start cycle: 2025-06-03 11:01:00
[video_crawler STDOUT] 
2025-06-03 11:01:00,299 video_crawler ERROR: Traceback (most recent call last):
  File "C:\Users\irosa\Desktop\新しいフォルダー (3)\Chameleon\internal\audio\video_crawler.py", line 2, in <module>
    import yt_dlp
ModuleNotFoundError: No module named 'yt_dlp'

[diffusion_infer STDOUT] 
2025-06-03 11:01:00,498 diffusion_infer ERROR: 
Cycle finished: 2025-06-03 11:01:00
2025-06-03 11:02:00,501 Start cycle: 2025-06-03 11:02:00
[video_crawler STDOUT] 
2025-06-03 11:02:00,649 video_crawler ERROR: Traceback (most recent call last):
  File "C:\Users\irosa\Desktop\新しいフォルダー (3)\Chameleon\internal\audio\video_crawler.py", line 2, in <module>
    import yt_dlp
ModuleNotFoundError: No module named 'yt_dlp'

[diffusion_infer STDOUT] 
2025-06-03 11:02:00,837 diffusion_infer ERROR: 
Cycle finished: 2025-06-03 11:02:00
2025-06-03 11:03:00,843 Start cycle: 2025-06-03 11:03:00
[video_crawler STDOUT] 
2025-06-03 11:03:00,996 video_crawler ERROR: Traceback (most recent call last):
  File "C:\Users\irosa\Desktop\新しいフォルダー (3)\Chameleon\internal\audio\video_crawler.py", line 2, in <module>
    import yt_dlp
ModuleNotFoundError: No module named 'yt_dlp'

[diffusion_infer STDOUT] 
2025-06-03 11:03:01,188 diffusion_infer ERROR: 
Cycle finished: 2025-06-03 11:03:00
2025-06-03 11:04:01,202 Start cycle: 2025-06-03 11:04:01
[video_crawler STDOUT] 
2025-06-03 11:04:01,345 video_crawler ERROR: Traceback (most recent call last):
  File "C:\Users\irosa\Desktop\新しいフォルダー (3)\Chameleon\internal\audio\video_crawler.py", line 2, in <module>
    import yt_dlp
ModuleNotFoundError: No module named 'yt_dlp'

[diffusion_infer STDOUT] 
2025-06-03 11:04:01,495 diffusion_infer ERROR: 
Cycle finished: 2025-06-03 11:04:01
2025-06-03 11:05:01,504 Start cycle: 2025-06-03 11:05:01
[video_crawler STDOUT] 
2025-06-03 11:05:01,631 video_crawler ERROR: Traceback (most recent call last):
  File "C:\Users\irosa\Desktop\新しいフォルダー (3)\Chameleon\internal\audio\video_crawler.py", line 2, in <module>
    import yt_dlp
ModuleNotFoundError: No module named 'yt_dlp'

[diffusion_infer STDOUT] 
2025-06-03 11:05:01,816 diffusion_infer ERROR: 
Cycle finished: 2025-06-03 11:05:01
2025-06-03 11:06:01,824 Start cycle: 2025-06-03 11:06:01
[video_crawler STDOUT] 
2025-06-03 11:06:01,935 video_crawler ERROR: Traceback (most recent call last):
  File "C:\Users\irosa\Desktop\新しいフォルダー (3)\Chameleon\internal\audio\video_crawler.py", line 2, in <module>
    import yt_dlp
ModuleNotFoundError: No module named 'yt_dlp'

[diffusion_infer STDOUT] 
2025-06-03 11:06:02,058 diffusion_infer ERROR: 
Cycle finished: 2025-06-03 11:06:01
2025-06-03 11:07:02,061 Start cycle: 2025-06-03 11:07:02
[video_crawler STDOUT] 
2025-06-03 11:07:02,188 video_crawler ERROR: Traceback (most recent call last):
  File "C:\Users\irosa\Desktop\新しいフォルダー (3)\Chameleon\internal\audio\video_crawler.py", line 2, in <module>
    import yt_dlp
ModuleNotFoundError: No module named 'yt_dlp'

[diffusion_infer STDOUT] 
2025-06-03 11:07:02,362 diffusion_infer ERROR: 
Cycle finished: 2025-06-03 11:07:02
2025-06-03 11:08:02,367 Start cycle: 2025-06-03 11:08:02
[video_crawler STDOUT] 
2025-06-03 11:08:02,530 video_crawler ERROR: Traceback (most recent call last):
  File "C:\Users\irosa\Desktop\新しいフォルダー (3)\Chameleon\internal\audio\video_crawler.py", line 2, in <module>
    import yt_dlp
ModuleNotFoundError: No module named 'yt_dlp'

[diffusion_infer STDOUT] 
2025-06-03 11:08:02,693 diffusion_infer ERROR: 
Cycle finished: 2025-06-03 11:08:02
2025-06-03 11:09:02,709 Start cycle: 2025-06-03 11:09:02
[video_crawler STDOUT] 
2025-06-03 11:09:02,849 video_crawler ERROR: Traceback (most recent call last):
  File "C:\Users\irosa\Desktop\新しいフォルダー (3)\Chameleon\internal\audio\video_crawler.py", line 2, in <module>
    import yt_dlp
ModuleNotFoundError: No module named 'yt_dlp'

[diffusion_infer STDOUT] 
2025-06-03 11:09:03,009 diffusion_infer ERROR: 
Cycle finished: 2025-06-03 11:09:02
2025-06-03 11:10:03,023 Start cycle: 2025-06-03 11:10:03
[video_crawler STDOUT] 
2025-06-03 11:10:03,134 video_crawler ERROR: Traceback (most recent call last):
  File "C:\Users\irosa\Desktop\新しいフォルダー (3)\Chameleon\internal\audio\video_crawler.py", line 2, in <module>
    import yt_dlp
ModuleNotFoundError: No module named 'yt_dlp'

[diffusion_infer STDOUT] 
2025-06-03 11:10:03,320 diffusion_infer ERROR: 
Cycle finished: 2025-06-03 11:10:03
2025-06-03 11:11:03,323 Start cycle: 2025-06-03 11:11:03
[video_crawler STDOUT] 
2025-06-03 11:11:03,450 video_crawler ERROR: Traceback (most recent call last):
  File "C:\Users\irosa\Desktop\新しいフォルダー (3)\Chameleon\internal\audio\video_crawler.py", line 2, in <module>
    import yt_dlp
ModuleNotFoundError: No module named 'yt_dlp'

[diffusion_infer STDOUT] 
2025-06-03 11:11:03,626 diffusion_infer ERROR: 
Cycle finished: 2025-06-03 11:11:03
2025-06-03 11:12:03,638 Start cycle: 2025-06-03 11:12:03
[video_crawler STDOUT] 
2025-06-03 11:12:03,784 video_crawler ERROR: Traceback (most recent call last):
  File "C:\Users\irosa\Desktop\新しいフォルダー (3)\Chameleon\internal\audio\video_crawler.py", line 2, in <module>
    import yt_dlp
ModuleNotFoundError: No module named 'yt_dlp'

[diffusion_infer STDOUT] 
2025-06-03 11:12:03,964 diffusion_infer ERROR: 
Cycle finished: 2025-06-03 11:12:03
2025-06-03 11:13:03,971 Start cycle: 2025-06-03 11:13:03
[video_crawler STDOUT] 
2025-06-03 11:13:04,104 video_crawler ERROR: Traceback (most recent call last):
  File "C:\Users\irosa\Desktop\新しいフォルダー (3)\Chameleon\internal\audio\video_crawler.py", line 2, in <module>
    import yt_dlp
ModuleNotFoundError: No module named 'yt_dlp'

[diffusion_infer STDOUT] 
2025-06-03 11:13:04,292 diffusion_infer ERROR: 
Cycle finished: 2025-06-03 11:13:03
2025-06-03 11:14:04,300 Start cycle: 2025-06-03 11:14:04
[video_crawler STDOUT] 
2025-06-03 11:14:04,444 video_crawler ERROR: Traceback (most recent call last):
  File "C:\Users\irosa\Desktop\新しいフォルダー (3)\Chameleon\internal\audio\video_crawler.py", line 2, in <module>
    import yt_dlp
ModuleNotFoundError: No module named 'yt_dlp'

[diffusion_infer STDOUT] 
2025-06-03 11:14:04,653 diffusion_infer ERROR: 
Cycle finished: 2025-06-03 11:14:04
2025-06-03 11:15:04,663 Start cycle: 2025-06-03 11:15:04
[video_crawler STDOUT] 
2025-06-03 11:15:04,788 video_crawler ERROR: Traceback (most recent call last):
  File "C:\Users\irosa\Desktop\新しいフォルダー (3)\Chameleon\internal\audio\video_crawler.py", line 2, in <module>
    import yt_dlp
ModuleNotFoundError: No module named 'yt_dlp'

[diffusion_infer STDOUT] 
2025-06-03 11:15:04,968 diffusion_infer ERROR: 
Cycle finished: 2025-06-03 11:15:04
2025-06-03 11:16:04,972 Start cycle: 2025-06-03 11:16:04
[video_crawler STDOUT] 
2025-06-03 11:16:05,106 video_crawler ERROR: Traceback (most recent call last):
  File "C:\Users\irosa\Desktop\新しいフォルダー (3)\Chameleon\internal\audio\video_crawler.py", line 2, in <module>
    import yt_dlp
ModuleNotFoundError: No module named 'yt_dlp'

[diffusion_infer STDOUT] 
2025-06-03 11:16:05,286 diffusion_infer ERROR: 
Cycle finished: 2025-06-03 11:16:04
2025-06-03 11:17:05,287 Start cycle: 2025-06-03 11:17:05
[video_crawler STDOUT] 
2025-06-03 11:17:05,414 video_crawler ERROR: Traceback (most recent call last):
  File "C:\Users\irosa\Desktop\新しいフォルダー (3)\Chameleon\internal\audio\video_crawler.py", line 2, in <module>
    import yt_dlp
ModuleNotFoundError: No module named 'yt_dlp'

[diffusion_infer STDOUT] 
2025-06-03 11:17:05,579 diffusion_infer ERROR: 
Cycle finished: 2025-06-03 11:17:05
2025-06-03 11:18:05,592 Start cycle: 2025-06-03 11:18:05
[video_crawler STDOUT] 
2025-06-03 11:18:05,716 video_crawler ERROR: Traceback (most recent call last):
  File "C:\Users\irosa\Desktop\新しいフォルダー (3)\Chameleon\internal\audio\video_crawler.py", line 2, in <module>
    import yt_dlp
ModuleNotFoundError: No module named 'yt_dlp'

[diffusion_infer STDOUT] 
2025-06-03 11:18:05,876 diffusion_infer ERROR: 
Cycle finished: 2025-06-03 11:18:05
2025-06-03 11:19:05,880 Start cycle: 2025-06-03 11:19:05
[video_crawler STDOUT] 
2025-06-03 11:19:06,009 video_crawler ERROR: Traceback (most recent call last):
  File "C:\Users\irosa\Desktop\新しいフォルダー (3)\Chameleon\internal\audio\video_crawler.py", line 2, in <module>
    import yt_dlp
ModuleNotFoundError: No module named 'yt_dlp'

[diffusion_infer STDOUT] 
2025-06-03 11:19:06,162 diffusion_infer ERROR: 
Cycle finished: 2025-06-03 11:19:05
2025-06-03 11:20:06,173 Start cycle: 2025-06-03 11:20:06
[video_crawler STDOUT] 
2025-06-03 11:20:06,294 video_crawler ERROR: Traceback (most recent call last):
  File "C:\Users\irosa\Desktop\新しいフォルダー (3)\Chameleon\internal\audio\video_crawler.py", line 2, in <module>
    import yt_dlp
ModuleNotFoundError: No module named 'yt_dlp'

[diffusion_infer STDOUT] 
2025-06-03 11:20:06,450 diffusion_infer ERROR: 
Cycle finished: 2025-06-03 11:20:06
2025-06-03 11:21:06,463 Start cycle: 2025-06-03 11:21:06
[video_crawler STDOUT] 
2025-06-03 11:21:06,591 video_crawler ERROR: Traceback (most recent call last):
  File "C:\Users\irosa\Desktop\新しいフォルダー (3)\Chameleon\internal\audio\video_crawler.py", line 2, in <module>
    import yt_dlp
ModuleNotFoundError: No module named 'yt_dlp'

[diffusion_infer STDOUT] 
2025-06-03 11:21:06,767 diffusion_infer ERROR: 
Cycle finished: 2025-06-03 11:21:06
2025-06-03 11:22:06,783 Start cycle: 2025-06-03 11:22:06
[video_crawler STDOUT] 
2025-06-03 11:22:06,895 video_crawler ERROR: Traceback (most recent call last):
  File "C:\Users\irosa\Desktop\新しいフォルダー (3)\Chameleon\internal\audio\video_crawler.py", line 2, in <module>
    import yt_dlp
ModuleNotFoundError: No module named 'yt_dlp'

[diffusion_infer STDOUT] 
2025-06-03 11:22:07,055 diffusion_infer ERROR: 
Cycle finished: 2025-06-03 11:22:06
2025-06-03 11:23:07,068 Start cycle: 2025-06-03 11:23:07
[video_crawler STDOUT] 
2025-06-03 11:23:07,204 video_crawler ERROR: Traceback (most recent call last):
  File "C:\Users\irosa\Desktop\新しいフォルダー (3)\Chameleon\internal\audio\video_crawler.py", line 2, in <module>
    import yt_dlp
ModuleNotFoundError: No module named 'yt_dlp'

[diffusion_infer STDOUT] 
2025-06-03 11:23:07,387 diffusion_infer ERROR: 
Cycle finished: 2025-06-03 11:23:07
2025-06-03 11:24:07,399 Start cycle: 2025-06-03 11:24:07
[video_crawler STDOUT] 
2025-06-03 11:24:07,542 video_crawler ERROR: Traceback (most recent call last):
  File "C:\Users\irosa\Desktop\新しいフォルダー (3)\Chameleon\internal\audio\video_crawler.py", line 2, in <module>
    import yt_dlp
ModuleNotFoundError: No module named 'yt_dlp'

[diffusion_infer STDOUT] 
2025-06-03 11:24:07,702 diffusion_infer ERROR: 
Cycle finished: 2025-06-03 11:24:07
2025-06-03 11:25:07,707 Start cycle: 2025-06-03 11:25:07
[video_crawler STDOUT] 
2025-06-03 11:25:07,856 video_crawler ERROR: Traceback (most recent call last):
  File "C:\Users\irosa\Desktop\新しいフォルダー (3)\Chameleon\internal\audio\video_crawler.py", line 2, in <module>
    import yt_dlp
ModuleNotFoundError: No module named 'yt_dlp'

[diffusion_infer STDOUT] 
2025-06-03 11:25:08,036 diffusion_infer ERROR: 
Cycle finished: 2025-06-03 11:25:07
2025-06-03 11:26:08,048 Start cycle: 2025-06-03 11:26:08
[video_crawler STDOUT] 
2025-06-03 11:26:08,159 video_crawler ERROR: Traceback (most recent call last):
  File "C:\Users\irosa\Desktop\新しいフォルダー (3)\Chameleon\internal\audio\video_crawler.py", line 2, in <module>
    import yt_dlp
ModuleNotFoundError: No module named 'yt_dlp'

[diffusion_infer STDOUT] 
2025-06-03 11:26:08,291 diffusion_infer ERROR: 
Cycle finished: 2025-06-03 11:26:08
2025-06-03 11:27:00,009 Start cycle: 2025-06-03 11:27:00
2025-06-03 11:27:00,138 video_crawler ERROR: Traceback (most recent call last):
  File "C:\Users\irosa\Desktop\新しいフォルダー (3)\Chameleon\internal\audio\video_crawler.py", line 2, in <module>
    import yt_dlp
ModuleNotFoundError: No module named 'yt_dlp'

2025-06-03 11:27:00,321 diffusion_infer ERROR: 
Cycle finished: 2025-06-03 11:27:00
2025-06-03 11:27:08,292 Start cycle: 2025-06-03 11:27:08
[video_crawler STDOUT] 
2025-06-03 11:27:08,412 video_crawler ERROR: Traceback (most recent call last):
  File "C:\Users\irosa\Desktop\新しいフォルダー (3)\Chameleon\internal\audio\video_crawler.py", line 2, in <module>
    import yt_dlp
ModuleNotFoundError: No module named 'yt_dlp'

[diffusion_infer STDOUT] 
2025-06-03 11:27:08,565 diffusion_infer ERROR: 
Cycle finished: 2025-06-03 11:27:08
2025-06-03 11:28:08,568 Start cycle: 2025-06-03 11:28:08
[video_crawler STDOUT] 
2025-06-03 11:28:08,714 video_crawler ERROR: Traceback (most recent call last):
  File "C:\Users\irosa\Desktop\新しいフォルダー (3)\Chameleon\internal\audio\video_crawler.py", line 2, in <module>
    import yt_dlp
ModuleNotFoundError: No module named 'yt_dlp'

[diffusion_infer STDOUT] 
2025-06-03 11:28:08,883 diffusion_infer ERROR: 
Cycle finished: 2025-06-03 11:28:08
2025-06-03 11:29:08,900 Start cycle: 2025-06-03 11:29:08
[video_crawler STDOUT] 
2025-06-03 11:29:09,036 video_crawler ERROR: Traceback (most recent call last):
  File "C:\Users\irosa\Desktop\新しいフォルダー (3)\Chameleon\internal\audio\video_crawler.py", line 2, in <module>
    import yt_dlp
ModuleNotFoundError: No module named 'yt_dlp'

[diffusion_infer STDOUT] 
2025-06-03 11:29:09,245 diffusion_infer ERROR: 
Cycle finished: 2025-06-03 11:29:08
2025-06-03 11:30:09,253 Start cycle: 2025-06-03 11:30:09
[video_crawler STDOUT] 
2025-06-03 11:30:09,364 video_crawler ERROR: Traceback (most recent call last):
  File "C:\Users\irosa\Desktop\新しいフォルダー (3)\Chameleon\internal\audio\video_crawler.py", line 2, in <module>
    import yt_dlp
ModuleNotFoundError: No module named 'yt_dlp'

[diffusion_infer STDOUT] 
2025-06-03 11:30:09,531 diffusion_infer ERROR: 
Cycle finished: 2025-06-03 11:30:09
2025-06-03 11:31:09,536 Start cycle: 2025-06-03 11:31:09
[video_crawler STDOUT] 
2025-06-03 11:31:09,656 video_crawler ERROR: Traceback (most recent call last):
  File "C:\Users\irosa\Desktop\新しいフォルダー (3)\Chameleon\internal\audio\video_crawler.py", line 2, in <module>
    import yt_dlp
ModuleNotFoundError: No module named 'yt_dlp'

[diffusion_infer STDOUT] 
2025-06-03 11:31:09,838 diffusion_infer ERROR: 
Cycle finished: 2025-06-03 11:31:09
2025-06-03 11:32:09,843 Start cycle: 2025-06-03 11:32:09
[video_crawler STDOUT] 
2025-06-03 11:32:09,955 video_crawler ERROR: Traceback (most recent call last):
  File "C:\Users\irosa\Desktop\新しいフォルダー (3)\Chameleon\internal\audio\video_crawler.py", line 2, in <module>
    import yt_dlp
ModuleNotFoundError: No module named 'yt_dlp'

[diffusion_infer STDOUT] 
2025-06-03 11:32:10,100 diffusion_infer ERROR: 
Cycle finished: 2025-06-03 11:32:09
2025-06-03 11:33:10,117 Start cycle: 2025-06-03 11:33:10
[video_crawler STDOUT] 
2025-06-03 11:33:10,244 video_crawler ERROR: Traceback (most recent call last):
  File "C:\Users\irosa\Desktop\新しいフォルダー (3)\Chameleon\internal\audio\video_crawler.py", line 2, in <module>
    import yt_dlp
ModuleNotFoundError: No module named 'yt_dlp'

[diffusion_infer STDOUT] 
2025-06-03 11:33:10,403 diffusion_infer ERROR: 
Cycle finished: 2025-06-03 11:33:10
2025-06-03 11:34:10,412 Start cycle: 2025-06-03 11:34:10
[video_crawler STDOUT] 
2025-06-03 11:34:10,532 video_crawler ERROR: Traceback (most recent call last):
  File "C:\Users\irosa\Desktop\新しいフォルダー (3)\Chameleon\internal\audio\video_crawler.py", line 2, in <module>
    import yt_dlp
ModuleNotFoundError: No module named 'yt_dlp'

[diffusion_infer STDOUT] 
2025-06-03 11:34:10,699 diffusion_infer ERROR: 
Cycle finished: 2025-06-03 11:34:10
2025-06-03 11:35:10,706 Start cycle: 2025-06-03 11:35:10
[video_crawler STDOUT] 
2025-06-03 11:35:10,857 video_crawler ERROR: Traceback (most recent call last):
  File "C:\Users\irosa\Desktop\新しいフォルダー (3)\Chameleon\internal\audio\video_crawler.py", line 2, in <module>
    import yt_dlp
ModuleNotFoundError: No module named 'yt_dlp'

[diffusion_infer STDOUT] 
2025-06-03 11:35:11,039 diffusion_infer ERROR: 
Cycle finished: 2025-06-03 11:35:10
2025-06-03 11:36:11,054 Start cycle: 2025-06-03 11:36:11
[video_crawler STDOUT] 
2025-06-03 11:36:11,214 video_crawler ERROR: Traceback (most recent call last):
  File "C:\Users\irosa\Desktop\新しいフォルダー (3)\Chameleon\internal\audio\video_crawler.py", line 2, in <module>
    import yt_dlp
ModuleNotFoundError: No module named 'yt_dlp'

[diffusion_infer STDOUT] 
2025-06-03 11:36:11,402 diffusion_infer ERROR: 
Cycle finished: 2025-06-03 11:36:11
2025-06-03 11:37:11,404 Start cycle: 2025-06-03 11:37:11
[video_crawler STDOUT] 
2025-06-03 11:37:11,528 video_crawler ERROR: Traceback (most recent call last):
  File "C:\Users\irosa\Desktop\新しいフォルダー (3)\Chameleon\internal\audio\video_crawler.py", line 2, in <module>
    import yt_dlp
ModuleNotFoundError: No module named 'yt_dlp'

[diffusion_infer STDOUT] 
2025-06-03 11:37:11,672 diffusion_infer ERROR: 
Cycle finished: 2025-06-03 11:37:11
2025-06-03 11:38:11,682 Start cycle: 2025-06-03 11:38:11
[video_crawler STDOUT] 
2025-06-03 11:38:11,798 video_crawler ERROR: Traceback (most recent call last):
  File "C:\Users\irosa\Desktop\新しいフォルダー (3)\Chameleon\internal\audio\video_crawler.py", line 2, in <module>
    import yt_dlp
ModuleNotFoundError: No module named 'yt_dlp'

[diffusion_infer STDOUT] 
2025-06-03 11:38:11,999 diffusion_infer ERROR: 
Cycle finished: 2025-06-03 11:38:11
2025-06-03 11:39:12,014 Start cycle: 2025-06-03 11:39:12
[video_crawler STDOUT] 
2025-06-03 11:39:12,142 video_crawler ERROR: Traceback (most recent call last):
  File "C:\Users\irosa\Desktop\新しいフォルダー (3)\Chameleon\internal\audio\video_crawler.py", line 2, in <module>
    import yt_dlp
ModuleNotFoundError: No module named 'yt_dlp'

[diffusion_infer STDOUT] 
2025-06-03 11:39:12,294 diffusion_infer ERROR: 
Cycle finished: 2025-06-03 11:39:12
2025-06-03 11:40:12,308 Start cycle: 2025-06-03 11:40:12
[video_crawler STDOUT] 
2025-06-03 11:40:12,456 video_crawler ERROR: Traceback (most recent call last):
  File "C:\Users\irosa\Desktop\新しいフォルダー (3)\Chameleon\internal\audio\video_crawler.py", line 2, in <module>
    import yt_dlp
ModuleNotFoundError: No module named 'yt_dlp'

[diffusion_infer STDOUT] 
2025-06-03 11:40:12,650 diffusion_infer ERROR: 
Cycle finished: 2025-06-03 11:40:12
2025-06-03 11:41:12,660 Start cycle: 2025-06-03 11:41:12
[video_crawler STDOUT] 
2025-06-03 11:41:12,801 video_crawler ERROR: Traceback (most recent call last):
  File "C:\Users\irosa\Desktop\新しいフォルダー (3)\Chameleon\internal\audio\video_crawler.py", line 2, in <module>
    import yt_dlp
ModuleNotFoundError: No module named 'yt_dlp'

[diffusion_infer STDOUT] 
2025-06-03 11:41:12,985 diffusion_infer ERROR: 
Cycle finished: 2025-06-03 11:41:12
2025-06-03 11:42:12,992 Start cycle: 2025-06-03 11:42:12
[video_crawler STDOUT] 
2025-06-03 11:42:13,108 video_crawler ERROR: Traceback (most recent call last):
  File "C:\Users\irosa\Desktop\新しいフォルダー (3)\Chameleon\internal\audio\video_crawler.py", line 2, in <module>
    import yt_dlp
ModuleNotFoundError: No module named 'yt_dlp'

[diffusion_infer STDOUT] 
2025-06-03 11:42:13,283 diffusion_infer ERROR: 
Cycle finished: 2025-06-03 11:42:12
2025-06-03 11:43:13,289 Start cycle: 2025-06-03 11:43:13
[video_crawler STDOUT] 
2025-06-03 11:43:13,425 video_crawler ERROR: Traceback (most recent call last):
  File "C:\Users\irosa\Desktop\新しいフォルダー (3)\Chameleon\internal\audio\video_crawler.py", line 2, in <module>
    import yt_dlp
ModuleNotFoundError: No module named 'yt_dlp'

[diffusion_infer STDOUT] 
2025-06-03 11:43:13,617 diffusion_infer ERROR: 
Cycle finished: 2025-06-03 11:43:13
2025-06-03 11:44:13,633 Start cycle: 2025-06-03 11:44:13
[video_crawler STDOUT] 
2025-06-03 11:44:13,769 video_crawler ERROR: Traceback (most recent call last):
  File "C:\Users\irosa\Desktop\新しいフォルダー (3)\Chameleon\internal\audio\video_crawler.py", line 2, in <module>
    import yt_dlp
ModuleNotFoundError: No module named 'yt_dlp'

[diffusion_infer STDOUT] 
2025-06-03 11:44:13,961 diffusion_infer ERROR: 
Cycle finished: 2025-06-03 11:44:13
2025-06-03 11:45:13,975 Start cycle: 2025-06-03 11:45:13
[video_crawler STDOUT] 
2025-06-03 11:45:14,084 video_crawler ERROR: Traceback (most recent call last):
  File "C:\Users\irosa\Desktop\新しいフォルダー (3)\Chameleon\internal\audio\video_crawler.py", line 2, in <module>
    import yt_dlp
ModuleNotFoundError: No module named 'yt_dlp'

[diffusion_infer STDOUT] 
2025-06-03 11:45:14,250 diffusion_infer ERROR: 
Cycle finished: 2025-06-03 11:45:13
2025-06-03 11:46:14,258 Start cycle: 2025-06-03 11:46:14
[video_crawler STDOUT] 
2025-06-03 11:46:14,375 video_crawler ERROR: Traceback (most recent call last):
  File "C:\Users\irosa\Desktop\新しいフォルダー (3)\Chameleon\internal\audio\video_crawler.py", line 2, in <module>
    import yt_dlp
ModuleNotFoundError: No module named 'yt_dlp'

[diffusion_infer STDOUT] 
2025-06-03 11:46:14,565 diffusion_infer ERROR: 
Cycle finished: 2025-06-03 11:46:14
2025-06-03 11:47:14,575 Start cycle: 2025-06-03 11:47:14
[video_crawler STDOUT] 
2025-06-03 11:47:14,683 video_crawler ERROR: Traceback (most recent call last):
  File "C:\Users\irosa\Desktop\新しいフォルダー (3)\Chameleon\internal\audio\video_crawler.py", line 2, in <module>
    import yt_dlp
ModuleNotFoundError: No module named 'yt_dlp'

[diffusion_infer STDOUT] 
2025-06-03 11:47:14,860 diffusion_infer ERROR: 
Cycle finished: 2025-06-03 11:47:14
2025-06-03 11:48:14,867 Start cycle: 2025-06-03 11:48:14
[video_crawler STDOUT] 
2025-06-03 11:48:14,985 video_crawler ERROR: Traceback (most recent call last):
  File "C:\Users\irosa\Desktop\新しいフォルダー (3)\Chameleon\internal\audio\video_crawler.py", line 2, in <module>
    import yt_dlp
ModuleNotFoundError: No module named 'yt_dlp'

[diffusion_infer STDOUT] 
2025-06-03 11:48:15,162 diffusion_infer ERROR: 
Cycle finished: 2025-06-03 11:48:14
2025-06-03 11:49:15,177 Start cycle: 2025-06-03 11:49:15
[video_crawler STDOUT] 
2025-06-03 11:49:15,315 video_crawler ERROR: Traceback (most recent call last):
  File "C:\Users\irosa\Desktop\新しいフォルダー (3)\Chameleon\internal\audio\video_crawler.py", line 2, in <module>
    import yt_dlp
ModuleNotFoundError: No module named 'yt_dlp'

[diffusion_infer STDOUT] 
2025-06-03 11:49:15,462 diffusion_infer ERROR: 
Cycle finished: 2025-06-03 11:49:15
2025-06-03 11:50:15,473 Start cycle: 2025-06-03 11:50:15
[video_crawler STDOUT] 
2025-06-03 11:50:15,613 video_crawler ERROR: Traceback (most recent call last):
  File "C:\Users\irosa\Desktop\新しいフォルダー (3)\Chameleon\internal\audio\video_crawler.py", line 2, in <module>
    import yt_dlp
ModuleNotFoundError: No module named 'yt_dlp'

[diffusion_infer STDOUT] 
2025-06-03 11:50:15,799 diffusion_infer ERROR: 
Cycle finished: 2025-06-03 11:50:15
2025-06-03 11:51:15,814 Start cycle: 2025-06-03 11:51:15
[video_crawler STDOUT] 
2025-06-03 11:51:15,953 video_crawler ERROR: Traceback (most recent call last):
  File "C:\Users\irosa\Desktop\新しいフォルダー (3)\Chameleon\internal\audio\video_crawler.py", line 2, in <module>
    import yt_dlp
ModuleNotFoundError: No module named 'yt_dlp'

[diffusion_infer STDOUT] 
2025-06-03 11:51:16,118 diffusion_infer ERROR: 
Cycle finished: 2025-06-03 11:51:15
2025-06-03 11:52:16,132 Start cycle: 2025-06-03 11:52:16
[video_crawler STDOUT] 
2025-06-03 11:52:16,288 video_crawler ERROR: Traceback (most recent call last):
  File "C:\Users\irosa\Desktop\新しいフォルダー (3)\Chameleon\internal\audio\video_crawler.py", line 2, in <module>
    import yt_dlp
ModuleNotFoundError: No module named 'yt_dlp'

[diffusion_infer STDOUT] 
2025-06-03 11:52:16,496 diffusion_infer ERROR: 
Cycle finished: 2025-06-03 11:52:16
2025-06-03 11:53:16,500 Start cycle: 2025-06-03 11:53:16
[video_crawler STDOUT] 
2025-06-03 11:53:16,635 video_crawler ERROR: Traceback (most recent call last):
  File "C:\Users\irosa\Desktop\新しいフォルダー (3)\Chameleon\internal\audio\video_crawler.py", line 2, in <module>
    import yt_dlp
ModuleNotFoundError: No module named 'yt_dlp'

[diffusion_infer STDOUT] 
2025-06-03 11:53:16,843 diffusion_infer ERROR: 
Cycle finished: 2025-06-03 11:53:16
2025-06-03 11:54:16,847 Start cycle: 2025-06-03 11:54:16
[video_crawler STDOUT] 
2025-06-03 11:54:17,002 video_crawler ERROR: Traceback (most recent call last):
  File "C:\Users\irosa\Desktop\新しいフォルダー (3)\Chameleon\internal\audio\video_crawler.py", line 2, in <module>
    import yt_dlp
ModuleNotFoundError: No module named 'yt_dlp'

[diffusion_infer STDOUT] 
2025-06-03 11:54:17,167 diffusion_infer ERROR: 
Cycle finished: 2025-06-03 11:54:16
2025-06-03 11:55:17,184 Start cycle: 2025-06-03 11:55:17
[video_crawler STDOUT] 
2025-06-03 11:55:17,324 video_crawler ERROR: Traceback (most recent call last):
  File "C:\Users\irosa\Desktop\新しいフォルダー (3)\Chameleon\internal\audio\video_crawler.py", line 2, in <module>
    import yt_dlp
ModuleNotFoundError: No module named 'yt_dlp'

[diffusion_infer STDOUT] 
2025-06-03 11:55:17,513 diffusion_infer ERROR: 
Cycle finished: 2025-06-03 11:55:17
2025-06-03 11:56:17,519 Start cycle: 2025-06-03 11:56:17
[video_crawler STDOUT] 
2025-06-03 11:56:17,635 video_crawler ERROR: Traceback (most recent call last):
  File "C:\Users\irosa\Desktop\新しいフォルダー (3)\Chameleon\internal\audio\video_crawler.py", line 2, in <module>
    import yt_dlp
ModuleNotFoundError: No module named 'yt_dlp'

[diffusion_infer STDOUT] 
2025-06-03 11:56:17,770 diffusion_infer ERROR: 
Cycle finished: 2025-06-03 11:56:17
2025-06-03 11:57:17,784 Start cycle: 2025-06-03 11:57:17
[video_crawler STDOUT] 
2025-06-03 11:57:17,904 video_crawler ERROR: Traceback (most recent call last):
  File "C:\Users\irosa\Desktop\新しいフォルダー (3)\Chameleon\internal\audio\video_crawler.py", line 2, in <module>
    import yt_dlp
ModuleNotFoundError: No module named 'yt_dlp'

[diffusion_infer STDOUT] 
2025-06-03 11:57:18,074 diffusion_infer ERROR: 
Cycle finished: 2025-06-03 11:57:17
2025-06-03 11:58:18,078 Start cycle: 2025-06-03 11:58:18
[video_crawler STDOUT] 
2025-06-03 11:58:18,187 video_crawler ERROR: Traceback (most recent call last):
  File "C:\Users\irosa\Desktop\新しいフォルダー (3)\Chameleon\internal\audio\video_crawler.py", line 2, in <module>
    import yt_dlp
ModuleNotFoundError: No module named 'yt_dlp'

[diffusion_infer STDOUT] 
2025-06-03 11:58:18,326 diffusion_infer ERROR: 
Cycle finished: 2025-06-03 11:58:18
2025-06-03 11:59:18,340 Start cycle: 2025-06-03 11:59:18
[video_crawler STDOUT] 
2025-06-03 11:59:18,476 video_crawler ERROR: Traceback (most recent call last):
  File "C:\Users\irosa\Desktop\新しいフォルダー (3)\Chameleon\internal\audio\video_crawler.py", line 2, in <module>
    import yt_dlp
ModuleNotFoundError: No module named 'yt_dlp'

[diffusion_infer STDOUT] 
2025-06-03 11:59:18,650 diffusion_infer ERROR: 
Cycle finished: 2025-06-03 11:59:18
2025-06-03 12:00:18,667 Start cycle: 2025-06-03 12:00:18
[video_crawler STDOUT] 
2025-06-03 12:00:18,786 video_crawler ERROR: Traceback (most recent call last):
  File "C:\Users\irosa\Desktop\新しいフォルダー (3)\Chameleon\internal\audio\video_crawler.py", line 2, in <module>
    import yt_dlp
ModuleNotFoundError: No module named 'yt_dlp'

[diffusion_infer STDOUT] 
2025-06-03 12:00:18,935 diffusion_infer ERROR: 
Cycle finished: 2025-06-03 12:00:18
2025-06-03 12:01:18,948 Start cycle: 2025-06-03 12:01:18
[video_crawler STDOUT] 
2025-06-03 12:01:19,071 video_crawler ERROR: Traceback (most recent call last):
  File "C:\Users\irosa\Desktop\新しいフォルダー (3)\Chameleon\internal\audio\video_crawler.py", line 2, in <module>
    import yt_dlp
ModuleNotFoundError: No module named 'yt_dlp'

[diffusion_infer STDOUT] 
2025-06-03 12:01:19,195 diffusion_infer ERROR: 
Cycle finished: 2025-06-03 12:01:18
2025-06-03 12:02:19,206 Start cycle: 2025-06-03 12:02:19
[video_crawler STDOUT] 
2025-06-03 12:02:19,356 video_crawler ERROR: Traceback (most recent call last):
  File "C:\Users\irosa\Desktop\新しいフォルダー (3)\Chameleon\internal\audio\video_crawler.py", line 2, in <module>
    import yt_dlp
ModuleNotFoundError: No module named 'yt_dlp'

[diffusion_infer STDOUT] 
2025-06-03 12:02:19,538 diffusion_infer ERROR: 
Cycle finished: 2025-06-03 12:02:19
2025-06-03 12:03:19,546 Start cycle: 2025-06-03 12:03:19
[video_crawler STDOUT] 
2025-06-03 12:03:19,694 video_crawler ERROR: Traceback (most recent call last):
  File "C:\Users\irosa\Desktop\新しいフォルダー (3)\Chameleon\internal\audio\video_crawler.py", line 2, in <module>
    import yt_dlp
ModuleNotFoundError: No module named 'yt_dlp'

[diffusion_infer STDOUT] 
2025-06-03 12:03:19,892 diffusion_infer ERROR: 
Cycle finished: 2025-06-03 12:03:19
2025-06-03 12:04:19,907 Start cycle: 2025-06-03 12:04:19
[video_crawler STDOUT] 
2025-06-03 12:04:20,009 video_crawler ERROR: Traceback (most recent call last):
  File "C:\Users\irosa\Desktop\新しいフォルダー (3)\Chameleon\internal\audio\video_crawler.py", line 2, in <module>
    import yt_dlp
ModuleNotFoundError: No module named 'yt_dlp'

[diffusion_infer STDOUT] 
2025-06-03 12:04:20,153 diffusion_infer ERROR: 
Cycle finished: 2025-06-03 12:04:19
2025-06-03 12:05:20,161 Start cycle: 2025-06-03 12:05:20
[video_crawler STDOUT] 
2025-06-03 12:05:20,304 video_crawler ERROR: Traceback (most recent call last):
  File "C:\Users\irosa\Desktop\新しいフォルダー (3)\Chameleon\internal\audio\video_crawler.py", line 2, in <module>
    import yt_dlp
ModuleNotFoundError: No module named 'yt_dlp'

[diffusion_infer STDOUT] 
2025-06-03 12:05:20,461 diffusion_infer ERROR: 
Cycle finished: 2025-06-03 12:05:20
2025-06-03 12:06:20,470 Start cycle: 2025-06-03 12:06:20
[video_crawler STDOUT] 
2025-06-03 12:06:20,606 video_crawler ERROR: Traceback (most recent call last):
  File "C:\Users\irosa\Desktop\新しいフォルダー (3)\Chameleon\internal\audio\video_crawler.py", line 2, in <module>
    import yt_dlp
ModuleNotFoundError: No module named 'yt_dlp'

[diffusion_infer STDOUT] 
2025-06-03 12:06:20,786 diffusion_infer ERROR: 
Cycle finished: 2025-06-03 12:06:20
2025-06-03 12:07:20,793 Start cycle: 2025-06-03 12:07:20
[video_crawler STDOUT] 
2025-06-03 12:07:20,943 video_crawler ERROR: Traceback (most recent call last):
  File "C:\Users\irosa\Desktop\新しいフォルダー (3)\Chameleon\internal\audio\video_crawler.py", line 2, in <module>
    import yt_dlp
ModuleNotFoundError: No module named 'yt_dlp'

[diffusion_infer STDOUT] 
2025-06-03 12:07:21,116 diffusion_infer ERROR: 
Cycle finished: 2025-06-03 12:07:20
2025-06-03 12:08:21,132 Start cycle: 2025-06-03 12:08:21
[video_crawler STDOUT] 
2025-06-03 12:08:21,267 video_crawler ERROR: Traceback (most recent call last):
  File "C:\Users\irosa\Desktop\新しいフォルダー (3)\Chameleon\internal\audio\video_crawler.py", line 2, in <module>
    import yt_dlp
ModuleNotFoundError: No module named 'yt_dlp'

[diffusion_infer STDOUT] 
2025-06-03 12:08:21,447 diffusion_infer ERROR: 
Cycle finished: 2025-06-03 12:08:21
2025-06-03 12:09:21,454 Start cycle: 2025-06-03 12:09:21
[video_crawler STDOUT] 
2025-06-03 12:09:21,593 video_crawler ERROR: Traceback (most recent call last):
  File "C:\Users\irosa\Desktop\新しいフォルダー (3)\Chameleon\internal\audio\video_crawler.py", line 2, in <module>
    import yt_dlp
ModuleNotFoundError: No module named 'yt_dlp'

[diffusion_infer STDOUT] 
2025-06-03 12:09:21,788 diffusion_infer ERROR: 
Cycle finished: 2025-06-03 12:09:21
2025-06-03 12:10:21,794 Start cycle: 2025-06-03 12:10:21
[video_crawler STDOUT] 
2025-06-03 12:10:21,937 video_crawler ERROR: Traceback (most recent call last):
  File "C:\Users\irosa\Desktop\新しいフォルダー (3)\Chameleon\internal\audio\video_crawler.py", line 2, in <module>
    import yt_dlp
ModuleNotFoundError: No module named 'yt_dlp'

[diffusion_infer STDOUT] 
2025-06-03 12:10:22,134 diffusion_infer ERROR: 
Cycle finished: 2025-06-03 12:10:21
2025-06-03 12:11:22,148 Start cycle: 2025-06-03 12:11:22
[video_crawler STDOUT] 
2025-06-03 12:11:22,313 video_crawler ERROR: Traceback (most recent call last):
  File "C:\Users\irosa\Desktop\新しいフォルダー (3)\Chameleon\internal\audio\video_crawler.py", line 2, in <module>
    import yt_dlp
ModuleNotFoundError: No module named 'yt_dlp'

[diffusion_infer STDOUT] 
2025-06-03 12:11:22,495 diffusion_infer ERROR: 
Cycle finished: 2025-06-03 12:11:22
2025-06-03 12:12:22,508 Start cycle: 2025-06-03 12:12:22
[video_crawler STDOUT] 
2025-06-03 12:12:22,676 video_crawler ERROR: Traceback (most recent call last):
  File "C:\Users\irosa\Desktop\新しいフォルダー (3)\Chameleon\internal\audio\video_crawler.py", line 2, in <module>
    import yt_dlp
ModuleNotFoundError: No module named 'yt_dlp'

[diffusion_infer STDOUT] 
2025-06-03 12:12:22,871 diffusion_infer ERROR: 
Cycle finished: 2025-06-03 12:12:22
2025-06-03 12:13:22,882 Start cycle: 2025-06-03 12:13:22
[video_crawler STDOUT] 
2025-06-03 12:13:23,038 video_crawler ERROR: Traceback (most recent call last):
  File "C:\Users\irosa\Desktop\新しいフォルダー (3)\Chameleon\internal\audio\video_crawler.py", line 2, in <module>
    import yt_dlp
ModuleNotFoundError: No module named 'yt_dlp'

[diffusion_infer STDOUT] 
2025-06-03 12:13:23,195 diffusion_infer ERROR: 
Cycle finished: 2025-06-03 12:13:22
2025-06-03 12:14:23,200 Start cycle: 2025-06-03 12:14:23
[video_crawler STDOUT] 
2025-06-03 12:14:23,347 video_crawler ERROR: Traceback (most recent call last):
  File "C:\Users\irosa\Desktop\新しいフォルダー (3)\Chameleon\internal\audio\video_crawler.py", line 2, in <module>
    import yt_dlp
ModuleNotFoundError: No module named 'yt_dlp'

[diffusion_infer STDOUT] 
2025-06-03 12:14:23,524 diffusion_infer ERROR: 
Cycle finished: 2025-06-03 12:14:23
2025-06-03 12:15:23,531 Start cycle: 2025-06-03 12:15:23
[video_crawler STDOUT] 
2025-06-03 12:15:23,675 video_crawler ERROR: Traceback (most recent call last):
  File "C:\Users\irosa\Desktop\新しいフォルダー (3)\Chameleon\internal\audio\video_crawler.py", line 2, in <module>
    import yt_dlp
ModuleNotFoundError: No module named 'yt_dlp'

[diffusion_infer STDOUT] 
2025-06-03 12:15:23,824 diffusion_infer ERROR: 
Cycle finished: 2025-06-03 12:15:23
2025-06-03 12:16:23,838 Start cycle: 2025-06-03 12:16:23
[video_crawler STDOUT] 
2025-06-03 12:16:23,977 video_crawler ERROR: Traceback (most recent call last):
  File "C:\Users\irosa\Desktop\新しいフォルダー (3)\Chameleon\internal\audio\video_crawler.py", line 2, in <module>
    import yt_dlp
ModuleNotFoundError: No module named 'yt_dlp'

[diffusion_infer STDOUT] 
2025-06-03 12:16:24,156 diffusion_infer ERROR: 
Cycle finished: 2025-06-03 12:16:23
2025-06-03 12:17:24,169 Start cycle: 2025-06-03 12:17:24
[video_crawler STDOUT] 
2025-06-03 12:17:24,301 video_crawler ERROR: Traceback (most recent call last):
  File "C:\Users\irosa\Desktop\新しいフォルダー (3)\Chameleon\internal\audio\video_crawler.py", line 2, in <module>
    import yt_dlp
ModuleNotFoundError: No module named 'yt_dlp'

[diffusion_infer STDOUT] 
2025-06-03 12:17:24,467 diffusion_infer ERROR: 
Cycle finished: 2025-06-03 12:17:24
2025-06-03 12:18:24,475 Start cycle: 2025-06-03 12:18:24
[video_crawler STDOUT] 
2025-06-03 12:18:24,617 video_crawler ERROR: Traceback (most recent call last):
  File "C:\Users\irosa\Desktop\新しいフォルダー (3)\Chameleon\internal\audio\video_crawler.py", line 2, in <module>
    import yt_dlp
ModuleNotFoundError: No module named 'yt_dlp'

[diffusion_infer STDOUT] 
2025-06-03 12:18:24,817 diffusion_infer ERROR: 
Cycle finished: 2025-06-03 12:18:24
2025-06-03 12:19:24,828 Start cycle: 2025-06-03 12:19:24
[video_crawler STDOUT] 
2025-06-03 12:19:24,978 video_crawler ERROR: Traceback (most recent call last):
  File "C:\Users\irosa\Desktop\新しいフォルダー (3)\Chameleon\internal\audio\video_crawler.py", line 2, in <module>
    import yt_dlp
ModuleNotFoundError: No module named 'yt_dlp'

[diffusion_infer STDOUT] 
2025-06-03 12:19:25,154 diffusion_infer ERROR: 
Cycle finished: 2025-06-03 12:19:24
2025-06-03 12:20:25,170 Start cycle: 2025-06-03 12:20:25
[video_crawler STDOUT] 
2025-06-03 12:20:25,309 video_crawler ERROR: Traceback (most recent call last):
  File "C:\Users\irosa\Desktop\新しいフォルダー (3)\Chameleon\internal\audio\video_crawler.py", line 2, in <module>
    import yt_dlp
ModuleNotFoundError: No module named 'yt_dlp'

[diffusion_infer STDOUT] 
2025-06-03 12:20:25,512 diffusion_infer ERROR: 
Cycle finished: 2025-06-03 12:20:25
2025-06-03 12:21:25,521 Start cycle: 2025-06-03 12:21:25
[video_crawler STDOUT] 
2025-06-03 12:21:25,655 video_crawler ERROR: Traceback (most recent call last):
  File "C:\Users\irosa\Desktop\新しいフォルダー (3)\Chameleon\internal\audio\video_crawler.py", line 2, in <module>
    import yt_dlp
ModuleNotFoundError: No module named 'yt_dlp'

[diffusion_infer STDOUT] 
2025-06-03 12:21:25,812 diffusion_infer ERROR: 
Cycle finished: 2025-06-03 12:21:25
2025-06-03 12:22:25,819 Start cycle: 2025-06-03 12:22:25
[video_crawler STDOUT] 
2025-06-03 12:22:25,962 video_crawler ERROR: Traceback (most recent call last):
  File "C:\Users\irosa\Desktop\新しいフォルダー (3)\Chameleon\internal\audio\video_crawler.py", line 2, in <module>
    import yt_dlp
ModuleNotFoundError: No module named 'yt_dlp'

[diffusion_infer STDOUT] 
2025-06-03 12:22:26,144 diffusion_infer ERROR: 
Cycle finished: 2025-06-03 12:22:25
2025-06-03 12:23:26,160 Start cycle: 2025-06-03 12:23:26
[video_crawler STDOUT] 
2025-06-03 12:23:26,318 video_crawler ERROR: Traceback (most recent call last):
  File "C:\Users\irosa\Desktop\新しいフォルダー (3)\Chameleon\internal\audio\video_crawler.py", line 2, in <module>
    import yt_dlp
ModuleNotFoundError: No module named 'yt_dlp'

[diffusion_infer STDOUT] 
2025-06-03 12:23:26,523 diffusion_infer ERROR: 
Cycle finished: 2025-06-03 12:23:26
2025-06-03 12:24:26,534 Start cycle: 2025-06-03 12:24:26
[video_crawler STDOUT] 
2025-06-03 12:24:26,697 video_crawler ERROR: Traceback (most recent call last):
  File "C:\Users\irosa\Desktop\新しいフォルダー (3)\Chameleon\internal\audio\video_crawler.py", line 2, in <module>
    import yt_dlp
ModuleNotFoundError: No module named 'yt_dlp'

[diffusion_infer STDOUT] 
2025-06-03 12:24:26,893 diffusion_infer ERROR: 
Cycle finished: 2025-06-03 12:24:26
2025-06-03 12:25:26,907 Start cycle: 2025-06-03 12:25:26
[video_crawler STDOUT] 
2025-06-03 12:25:27,038 video_crawler ERROR: Traceback (most recent call last):
  File "C:\Users\irosa\Desktop\新しいフォルダー (3)\Chameleon\internal\audio\video_crawler.py", line 2, in <module>
    import yt_dlp
ModuleNotFoundError: No module named 'yt_dlp'

[diffusion_infer STDOUT] 
2025-06-03 12:25:27,218 diffusion_infer ERROR: 
Cycle finished: 2025-06-03 12:25:26
2025-06-03 12:26:27,229 Start cycle: 2025-06-03 12:26:27
[video_crawler STDOUT] 
2025-06-03 12:26:27,341 video_crawler ERROR: Traceback (most recent call last):
  File "C:\Users\irosa\Desktop\新しいフォルダー (3)\Chameleon\internal\audio\video_crawler.py", line 2, in <module>
    import yt_dlp
ModuleNotFoundError: No module named 'yt_dlp'

[diffusion_infer STDOUT] 
2025-06-03 12:26:27,460 diffusion_infer ERROR: 
Cycle finished: 2025-06-03 12:26:27
2025-06-03 12:27:00,342 Start cycle: 2025-06-03 12:27:00
2025-06-03 12:27:00,492 video_crawler ERROR: Traceback (most recent call last):
  File "C:\Users\irosa\Desktop\新しいフォルダー (3)\Chameleon\internal\audio\video_crawler.py", line 2, in <module>
    import yt_dlp
ModuleNotFoundError: No module named 'yt_dlp'

2025-06-03 12:27:00,699 diffusion_infer ERROR: 
Cycle finished: 2025-06-03 12:27:00
2025-06-03 12:27:27,464 Start cycle: 2025-06-03 12:27:27
[video_crawler STDOUT] 
2025-06-03 12:27:27,582 video_crawler ERROR: Traceback (most recent call last):
  File "C:\Users\irosa\Desktop\新しいフォルダー (3)\Chameleon\internal\audio\video_crawler.py", line 2, in <module>
    import yt_dlp
ModuleNotFoundError: No module named 'yt_dlp'

[diffusion_infer STDOUT] 
2025-06-03 12:27:27,751 diffusion_infer ERROR: 
Cycle finished: 2025-06-03 12:27:27
2025-06-03 12:28:27,760 Start cycle: 2025-06-03 12:28:27
[video_crawler STDOUT] 
2025-06-03 12:28:27,883 video_crawler ERROR: Traceback (most recent call last):
  File "C:\Users\irosa\Desktop\新しいフォルダー (3)\Chameleon\internal\audio\video_crawler.py", line 2, in <module>
    import yt_dlp
ModuleNotFoundError: No module named 'yt_dlp'

[diffusion_infer STDOUT] 
2025-06-03 12:28:28,057 diffusion_infer ERROR: 
Cycle finished: 2025-06-03 12:28:27
2025-06-03 12:29:28,060 Start cycle: 2025-06-03 12:29:28
[video_crawler STDOUT] 
2025-06-03 12:29:28,189 video_crawler ERROR: Traceback (most recent call last):
  File "C:\Users\irosa\Desktop\新しいフォルダー (3)\Chameleon\internal\audio\video_crawler.py", line 2, in <module>
    import yt_dlp
ModuleNotFoundError: No module named 'yt_dlp'

[diffusion_infer STDOUT] 
2025-06-03 12:29:28,349 diffusion_infer ERROR: 
Cycle finished: 2025-06-03 12:29:28
2025-06-03 12:30:28,359 Start cycle: 2025-06-03 12:30:28
[video_crawler STDOUT] 
2025-06-03 12:30:28,480 video_crawler ERROR: Traceback (most recent call last):
  File "C:\Users\irosa\Desktop\新しいフォルダー (3)\Chameleon\internal\audio\video_crawler.py", line 2, in <module>
    import yt_dlp
ModuleNotFoundError: No module named 'yt_dlp'

[diffusion_infer STDOUT] 
2025-06-03 12:30:28,630 diffusion_infer ERROR: 
Cycle finished: 2025-06-03 12:30:28
2025-06-03 12:31:28,634 Start cycle: 2025-06-03 12:31:28
[video_crawler STDOUT] 
2025-06-03 12:31:28,776 video_crawler ERROR: Traceback (most recent call last):
  File "C:\Users\irosa\Desktop\新しいフォルダー (3)\Chameleon\internal\audio\video_crawler.py", line 2, in <module>
    import yt_dlp
ModuleNotFoundError: No module named 'yt_dlp'

[diffusion_infer STDOUT] 
2025-06-03 12:31:28,939 diffusion_infer ERROR: 
Cycle finished: 2025-06-03 12:31:28
2025-06-03 12:32:28,946 Start cycle: 2025-06-03 12:32:28
[video_crawler STDOUT] 
2025-06-03 12:32:29,089 video_crawler ERROR: Traceback (most recent call last):
  File "C:\Users\irosa\Desktop\新しいフォルダー (3)\Chameleon\internal\audio\video_crawler.py", line 2, in <module>
    import yt_dlp
ModuleNotFoundError: No module named 'yt_dlp'

[diffusion_infer STDOUT] 
2025-06-03 12:32:29,287 diffusion_infer ERROR: 
Cycle finished: 2025-06-03 12:32:28
2025-06-03 12:33:29,292 Start cycle: 2025-06-03 12:33:29
[video_crawler STDOUT] 
2025-06-03 12:33:29,423 video_crawler ERROR: Traceback (most recent call last):
  File "C:\Users\irosa\Desktop\新しいフォルダー (3)\Chameleon\internal\audio\video_crawler.py", line 2, in <module>
    import yt_dlp
ModuleNotFoundError: No module named 'yt_dlp'

[diffusion_infer STDOUT] 
2025-06-03 12:33:29,600 diffusion_infer ERROR: 
Cycle finished: 2025-06-03 12:33:29
2025-06-03 12:34:29,610 Start cycle: 2025-06-03 12:34:29
[video_crawler STDOUT] 
2025-06-03 12:34:29,749 video_crawler ERROR: Traceback (most recent call last):
  File "C:\Users\irosa\Desktop\新しいフォルダー (3)\Chameleon\internal\audio\video_crawler.py", line 2, in <module>
    import yt_dlp
ModuleNotFoundError: No module named 'yt_dlp'

[diffusion_infer STDOUT] 
2025-06-03 12:34:29,924 diffusion_infer ERROR: 
Cycle finished: 2025-06-03 12:34:29
2025-06-03 12:35:29,931 Start cycle: 2025-06-03 12:35:29
[video_crawler STDOUT] 
2025-06-03 12:35:30,088 video_crawler ERROR: Traceback (most recent call last):
  File "C:\Users\irosa\Desktop\新しいフォルダー (3)\Chameleon\internal\audio\video_crawler.py", line 2, in <module>
    import yt_dlp
ModuleNotFoundError: No module named 'yt_dlp'

[diffusion_infer STDOUT] 
2025-06-03 12:35:30,279 diffusion_infer ERROR: 
Cycle finished: 2025-06-03 12:35:29
2025-06-03 12:36:30,282 Start cycle: 2025-06-03 12:36:30
[video_crawler STDOUT] 
2025-06-03 12:36:30,418 video_crawler ERROR: Traceback (most recent call last):
  File "C:\Users\irosa\Desktop\新しいフォルダー (3)\Chameleon\internal\audio\video_crawler.py", line 2, in <module>
    import yt_dlp
ModuleNotFoundError: No module named 'yt_dlp'

[diffusion_infer STDOUT] 
2025-06-03 12:36:30,565 diffusion_infer ERROR: 
Cycle finished: 2025-06-03 12:36:30
2025-06-03 12:37:30,575 Start cycle: 2025-06-03 12:37:30
[video_crawler STDOUT] 
2025-06-03 12:37:30,705 video_crawler ERROR: Traceback (most recent call last):
  File "C:\Users\irosa\Desktop\新しいフォルダー (3)\Chameleon\internal\audio\video_crawler.py", line 2, in <module>
    import yt_dlp
ModuleNotFoundError: No module named 'yt_dlp'

[diffusion_infer STDOUT] 
2025-06-03 12:37:30,868 diffusion_infer ERROR: 
Cycle finished: 2025-06-03 12:37:30
2025-06-03 12:38:30,871 Start cycle: 2025-06-03 12:38:30
[video_crawler STDOUT] 
2025-06-03 12:38:31,020 video_crawler ERROR: Traceback (most recent call last):
  File "C:\Users\irosa\Desktop\新しいフォルダー (3)\Chameleon\internal\audio\video_crawler.py", line 2, in <module>
    import yt_dlp
ModuleNotFoundError: No module named 'yt_dlp'

[diffusion_infer STDOUT] 
2025-06-03 12:38:31,207 diffusion_infer ERROR: 
Cycle finished: 2025-06-03 12:38:30
2025-06-03 12:39:31,211 Start cycle: 2025-06-03 12:39:31
[video_crawler STDOUT] 
2025-06-03 12:39:31,339 video_crawler ERROR: Traceback (most recent call last):
  File "C:\Users\irosa\Desktop\新しいフォルダー (3)\Chameleon\internal\audio\video_crawler.py", line 2, in <module>
    import yt_dlp
ModuleNotFoundError: No module named 'yt_dlp'

[diffusion_infer STDOUT] 
2025-06-03 12:39:31,520 diffusion_infer ERROR: 
Cycle finished: 2025-06-03 12:39:31
2025-06-03 12:40:31,521 Start cycle: 2025-06-03 12:40:31
[video_crawler STDOUT] 
2025-06-03 12:40:31,623 video_crawler ERROR: Traceback (most recent call last):
  File "C:\Users\irosa\Desktop\新しいフォルダー (3)\Chameleon\internal\audio\video_crawler.py", line 2, in <module>
    import yt_dlp
ModuleNotFoundError: No module named 'yt_dlp'

[diffusion_infer STDOUT] 
2025-06-03 12:40:31,813 diffusion_infer ERROR: 
Cycle finished: 2025-06-03 12:40:31
2025-06-03 12:41:31,824 Start cycle: 2025-06-03 12:41:31
[video_crawler STDOUT] 
2025-06-03 12:41:31,954 video_crawler ERROR: Traceback (most recent call last):
  File "C:\Users\irosa\Desktop\新しいフォルダー (3)\Chameleon\internal\audio\video_crawler.py", line 2, in <module>
    import yt_dlp
ModuleNotFoundError: No module named 'yt_dlp'

[diffusion_infer STDOUT] 
2025-06-03 12:41:32,145 diffusion_infer ERROR: 
Cycle finished: 2025-06-03 12:41:31
2025-06-03 12:42:32,152 Start cycle: 2025-06-03 12:42:32
[video_crawler STDOUT] 
2025-06-03 12:42:32,298 video_crawler ERROR: Traceback (most recent call last):
  File "C:\Users\irosa\Desktop\新しいフォルダー (3)\Chameleon\internal\audio\video_crawler.py", line 2, in <module>
    import yt_dlp
ModuleNotFoundError: No module named 'yt_dlp'

[diffusion_infer STDOUT] 
2025-06-03 12:42:32,454 diffusion_infer ERROR: 
Cycle finished: 2025-06-03 12:42:32
2025-06-03 12:43:32,469 Start cycle: 2025-06-03 12:43:32
[video_crawler STDOUT] 
2025-06-03 12:43:32,602 video_crawler ERROR: Traceback (most recent call last):
  File "C:\Users\irosa\Desktop\新しいフォルダー (3)\Chameleon\internal\audio\video_crawler.py", line 2, in <module>
    import yt_dlp
ModuleNotFoundError: No module named 'yt_dlp'

[diffusion_infer STDOUT] 
2025-06-03 12:43:32,767 diffusion_infer ERROR: 
Cycle finished: 2025-06-03 12:43:32
2025-06-03 12:44:32,771 Start cycle: 2025-06-03 12:44:32
[video_crawler STDOUT] 
2025-06-03 12:44:32,896 video_crawler ERROR: Traceback (most recent call last):
  File "C:\Users\irosa\Desktop\新しいフォルダー (3)\Chameleon\internal\audio\video_crawler.py", line 2, in <module>
    import yt_dlp
ModuleNotFoundError: No module named 'yt_dlp'

[diffusion_infer STDOUT] 
2025-06-03 12:44:33,083 diffusion_infer ERROR: 
Cycle finished: 2025-06-03 12:44:32
2025-06-03 12:45:33,097 Start cycle: 2025-06-03 12:45:33
[video_crawler STDOUT] 
2025-06-03 12:45:33,225 video_crawler ERROR: Traceback (most recent call last):
  File "C:\Users\irosa\Desktop\新しいフォルダー (3)\Chameleon\internal\audio\video_crawler.py", line 2, in <module>
    import yt_dlp
ModuleNotFoundError: No module named 'yt_dlp'

[diffusion_infer STDOUT] 
2025-06-03 12:45:33,400 diffusion_infer ERROR: 
Cycle finished: 2025-06-03 12:45:33
2025-06-03 12:46:33,415 Start cycle: 2025-06-03 12:46:33
[video_crawler STDOUT] 
2025-06-03 12:46:33,588 video_crawler ERROR: Traceback (most recent call last):
  File "C:\Users\irosa\Desktop\新しいフォルダー (3)\Chameleon\internal\audio\video_crawler.py", line 2, in <module>
    import yt_dlp
ModuleNotFoundError: No module named 'yt_dlp'

[diffusion_infer STDOUT] 
2025-06-03 12:46:33,787 diffusion_infer ERROR: 
Cycle finished: 2025-06-03 12:46:33
2025-06-03 12:47:33,796 Start cycle: 2025-06-03 12:47:33
[video_crawler STDOUT] 
2025-06-03 12:47:33,934 video_crawler ERROR: Traceback (most recent call last):
  File "C:\Users\irosa\Desktop\新しいフォルダー (3)\Chameleon\internal\audio\video_crawler.py", line 2, in <module>
    import yt_dlp
ModuleNotFoundError: No module named 'yt_dlp'

[diffusion_infer STDOUT] 
2025-06-03 12:47:34,142 diffusion_infer ERROR: 
Cycle finished: 2025-06-03 12:47:33
2025-06-03 12:48:34,156 Start cycle: 2025-06-03 12:48:34
[video_crawler STDOUT] 
2025-06-03 12:48:34,281 video_crawler ERROR: Traceback (most recent call last):
  File "C:\Users\irosa\Desktop\新しいフォルダー (3)\Chameleon\internal\audio\video_crawler.py", line 2, in <module>
    import yt_dlp
ModuleNotFoundError: No module named 'yt_dlp'

[diffusion_infer STDOUT] 
2025-06-03 12:48:34,452 diffusion_infer ERROR: 
Cycle finished: 2025-06-03 12:48:34
2025-06-03 12:49:34,468 Start cycle: 2025-06-03 12:49:34
[video_crawler STDOUT] 
2025-06-03 12:49:34,607 video_crawler ERROR: Traceback (most recent call last):
  File "C:\Users\irosa\Desktop\新しいフォルダー (3)\Chameleon\internal\audio\video_crawler.py", line 2, in <module>
    import yt_dlp
ModuleNotFoundError: No module named 'yt_dlp'

[diffusion_infer STDOUT] 
2025-06-03 12:49:34,789 diffusion_infer ERROR: 
Cycle finished: 2025-06-03 12:49:34
2025-06-03 12:50:34,801 Start cycle: 2025-06-03 12:50:34
[video_crawler STDOUT] 
2025-06-03 12:50:34,953 video_crawler ERROR: Traceback (most recent call last):
  File "C:\Users\irosa\Desktop\新しいフォルダー (3)\Chameleon\internal\audio\video_crawler.py", line 2, in <module>
    import yt_dlp
ModuleNotFoundError: No module named 'yt_dlp'

[diffusion_infer STDOUT] 
2025-06-03 12:50:35,152 diffusion_infer ERROR: 
Cycle finished: 2025-06-03 12:50:34
2025-06-03 12:51:35,155 Start cycle: 2025-06-03 12:51:35
[video_crawler STDOUT] 
2025-06-03 12:51:35,289 video_crawler ERROR: Traceback (most recent call last):
  File "C:\Users\irosa\Desktop\新しいフォルダー (3)\Chameleon\internal\audio\video_crawler.py", line 2, in <module>
    import yt_dlp
ModuleNotFoundError: No module named 'yt_dlp'

[diffusion_infer STDOUT] 
2025-06-03 12:51:35,477 diffusion_infer ERROR: 
Cycle finished: 2025-06-03 12:51:35
2025-06-03 12:52:35,482 Start cycle: 2025-06-03 12:52:35
[video_crawler STDOUT] 
2025-06-03 12:52:35,618 video_crawler ERROR: Traceback (most recent call last):
  File "C:\Users\irosa\Desktop\新しいフォルダー (3)\Chameleon\internal\audio\video_crawler.py", line 2, in <module>
    import yt_dlp
ModuleNotFoundError: No module named 'yt_dlp'

[diffusion_infer STDOUT] 
2025-06-03 12:52:35,801 diffusion_infer ERROR: 
Cycle finished: 2025-06-03 12:52:35
2025-06-03 12:53:35,816 Start cycle: 2025-06-03 12:53:35
[video_crawler STDOUT] 
2025-06-03 12:53:35,930 video_crawler ERROR: Traceback (most recent call last):
  File "C:\Users\irosa\Desktop\新しいフォルダー (3)\Chameleon\internal\audio\video_crawler.py", line 2, in <module>
    import yt_dlp
ModuleNotFoundError: No module named 'yt_dlp'

[diffusion_infer STDOUT] 
2025-06-03 12:53:36,100 diffusion_infer ERROR: 
Cycle finished: 2025-06-03 12:53:35
2025-06-03 12:54:36,116 Start cycle: 2025-06-03 12:54:36
[video_crawler STDOUT] 
2025-06-03 12:54:36,233 video_crawler ERROR: Traceback (most recent call last):
  File "C:\Users\irosa\Desktop\新しいフォルダー (3)\Chameleon\internal\audio\video_crawler.py", line 2, in <module>
    import yt_dlp
ModuleNotFoundError: No module named 'yt_dlp'

[diffusion_infer STDOUT] 
2025-06-03 12:54:36,406 diffusion_infer ERROR: 
Cycle finished: 2025-06-03 12:54:36
2025-06-03 12:55:36,420 Start cycle: 2025-06-03 12:55:36
[video_crawler STDOUT] 
2025-06-03 12:55:36,559 video_crawler ERROR: Traceback (most recent call last):
  File "C:\Users\irosa\Desktop\新しいフォルダー (3)\Chameleon\internal\audio\video_crawler.py", line 2, in <module>
    import yt_dlp
ModuleNotFoundError: No module named 'yt_dlp'

[diffusion_infer STDOUT] 
2025-06-03 12:55:36,846 diffusion_infer ERROR: 
Cycle finished: 2025-06-03 12:55:36
2025-06-03 12:56:36,851 Start cycle: 2025-06-03 12:56:36
[video_crawler STDOUT] 
2025-06-03 12:56:36,985 video_crawler ERROR: Traceback (most recent call last):
  File "C:\Users\irosa\Desktop\新しいフォルダー (3)\Chameleon\internal\audio\video_crawler.py", line 2, in <module>
    import yt_dlp
ModuleNotFoundError: No module named 'yt_dlp'

[diffusion_infer STDOUT] 
2025-06-03 12:56:37,157 diffusion_infer ERROR: 
Cycle finished: 2025-06-03 12:56:36
2025-06-03 12:57:37,174 Start cycle: 2025-06-03 12:57:37
[video_crawler STDOUT] 
2025-06-03 12:57:37,338 video_crawler ERROR: Traceback (most recent call last):
  File "C:\Users\irosa\Desktop\新しいフォルダー (3)\Chameleon\internal\audio\video_crawler.py", line 2, in <module>
    import yt_dlp
ModuleNotFoundError: No module named 'yt_dlp'

[diffusion_infer STDOUT] 
2025-06-03 12:57:37,538 diffusion_infer ERROR: 
Cycle finished: 2025-06-03 12:57:37
2025-06-03 12:58:37,548 Start cycle: 2025-06-03 12:58:37
[video_crawler STDOUT] 
2025-06-03 12:58:37,695 video_crawler ERROR: Traceback (most recent call last):
  File "C:\Users\irosa\Desktop\新しいフォルダー (3)\Chameleon\internal\audio\video_crawler.py", line 2, in <module>
    import yt_dlp
ModuleNotFoundError: No module named 'yt_dlp'

[diffusion_infer STDOUT] 
2025-06-03 12:58:37,878 diffusion_infer ERROR: 
Cycle finished: 2025-06-03 12:58:37
2025-06-03 12:59:37,892 Start cycle: 2025-06-03 12:59:37
[video_crawler STDOUT] 
2025-06-03 12:59:38,036 video_crawler ERROR: Traceback (most recent call last):
  File "C:\Users\irosa\Desktop\新しいフォルダー (3)\Chameleon\internal\audio\video_crawler.py", line 2, in <module>
    import yt_dlp
ModuleNotFoundError: No module named 'yt_dlp'

[diffusion_infer STDOUT] 
2025-06-03 12:59:38,248 diffusion_infer ERROR: 
Cycle finished: 2025-06-03 12:59:37
2025-06-03 13:00:38,259 Start cycle: 2025-06-03 13:00:38
[video_crawler STDOUT] 
2025-06-03 13:00:38,389 video_crawler ERROR: Traceback (most recent call last):
  File "C:\Users\irosa\Desktop\新しいフォルダー (3)\Chameleon\internal\audio\video_crawler.py", line 2, in <module>
    import yt_dlp
ModuleNotFoundError: No module named 'yt_dlp'

[diffusion_infer STDOUT] 
2025-06-03 13:00:38,594 diffusion_infer ERROR: 
Cycle finished: 2025-06-03 13:00:38
2025-06-03 13:01:38,610 Start cycle: 2025-06-03 13:01:38
[video_crawler STDOUT] 
2025-06-03 13:01:38,755 video_crawler ERROR: Traceback (most recent call last):
  File "C:\Users\irosa\Desktop\新しいフォルダー (3)\Chameleon\internal\audio\video_crawler.py", line 2, in <module>
    import yt_dlp
ModuleNotFoundError: No module named 'yt_dlp'

[diffusion_infer STDOUT] 
2025-06-03 13:01:38,951 diffusion_infer ERROR: 
Cycle finished: 2025-06-03 13:01:38
2025-06-03 13:02:38,962 Start cycle: 2025-06-03 13:02:38
[video_crawler STDOUT] 
2025-06-03 13:02:39,100 video_crawler ERROR: Traceback (most recent call last):
  File "C:\Users\irosa\Desktop\新しいフォルダー (3)\Chameleon\internal\audio\video_crawler.py", line 2, in <module>
    import yt_dlp
ModuleNotFoundError: No module named 'yt_dlp'

[diffusion_infer STDOUT] 
2025-06-03 13:02:39,268 diffusion_infer ERROR: 
Cycle finished: 2025-06-03 13:02:38
2025-06-03 13:03:39,284 Start cycle: 2025-06-03 13:03:39
[video_crawler STDOUT] 
2025-06-03 13:03:39,408 video_crawler ERROR: Traceback (most recent call last):
  File "C:\Users\irosa\Desktop\新しいフォルダー (3)\Chameleon\internal\audio\video_crawler.py", line 2, in <module>
    import yt_dlp
ModuleNotFoundError: No module named 'yt_dlp'

[diffusion_infer STDOUT] 
2025-06-03 13:03:39,613 diffusion_infer ERROR: 
Cycle finished: 2025-06-03 13:03:39
2025-06-03 13:04:39,619 Start cycle: 2025-06-03 13:04:39
[video_crawler STDOUT] 
2025-06-03 13:04:39,777 video_crawler ERROR: Traceback (most recent call last):
  File "C:\Users\irosa\Desktop\新しいフォルダー (3)\Chameleon\internal\audio\video_crawler.py", line 2, in <module>
    import yt_dlp
ModuleNotFoundError: No module named 'yt_dlp'

[diffusion_infer STDOUT] 
2025-06-03 13:04:39,927 diffusion_infer ERROR: 
Cycle finished: 2025-06-03 13:04:39
2025-06-03 13:05:39,939 Start cycle: 2025-06-03 13:05:39
[video_crawler STDOUT] 
2025-06-03 13:05:40,096 video_crawler ERROR: Traceback (most recent call last):
  File "C:\Users\irosa\Desktop\新しいフォルダー (3)\Chameleon\internal\audio\video_crawler.py", line 2, in <module>
    import yt_dlp
ModuleNotFoundError: No module named 'yt_dlp'

[diffusion_infer STDOUT] 
2025-06-03 13:05:40,298 diffusion_infer ERROR: 
Cycle finished: 2025-06-03 13:05:39
2025-06-03 13:06:40,303 Start cycle: 2025-06-03 13:06:40
[video_crawler STDOUT] 
2025-06-03 13:06:40,441 video_crawler ERROR: Traceback (most recent call last):
  File "C:\Users\irosa\Desktop\新しいフォルダー (3)\Chameleon\internal\audio\video_crawler.py", line 2, in <module>
    import yt_dlp
ModuleNotFoundError: No module named 'yt_dlp'

[diffusion_infer STDOUT] 
2025-06-03 13:06:40,647 diffusion_infer ERROR: 
Cycle finished: 2025-06-03 13:06:40
2025-06-03 13:07:40,651 Start cycle: 2025-06-03 13:07:40
[video_crawler STDOUT] 
2025-06-03 13:07:40,838 video_crawler ERROR: Traceback (most recent call last):
  File "C:\Users\irosa\Desktop\新しいフォルダー (3)\Chameleon\internal\audio\video_crawler.py", line 2, in <module>
    import yt_dlp
ModuleNotFoundError: No module named 'yt_dlp'

[diffusion_infer STDOUT] 
2025-06-03 13:07:41,039 diffusion_infer ERROR: 
Cycle finished: 2025-06-03 13:07:40
2025-06-03 13:08:41,043 Start cycle: 2025-06-03 13:08:41
[video_crawler STDOUT] 
2025-06-03 13:08:41,176 video_crawler ERROR: Traceback (most recent call last):
  File "C:\Users\irosa\Desktop\新しいフォルダー (3)\Chameleon\internal\audio\video_crawler.py", line 2, in <module>
    import yt_dlp
ModuleNotFoundError: No module named 'yt_dlp'

[diffusion_infer STDOUT] 
2025-06-03 13:08:41,370 diffusion_infer ERROR: 
Cycle finished: 2025-06-03 13:08:41
2025-06-03 13:09:41,373 Start cycle: 2025-06-03 13:09:41
[video_crawler STDOUT] 
2025-06-03 13:09:41,525 video_crawler ERROR: Traceback (most recent call last):
  File "C:\Users\irosa\Desktop\新しいフォルダー (3)\Chameleon\internal\audio\video_crawler.py", line 2, in <module>
    import yt_dlp
ModuleNotFoundError: No module named 'yt_dlp'

[diffusion_infer STDOUT] 
2025-06-03 13:09:41,704 diffusion_infer ERROR: 
Cycle finished: 2025-06-03 13:09:41
2025-06-03 13:10:41,710 Start cycle: 2025-06-03 13:10:41
[video_crawler STDOUT] 
2025-06-03 13:10:41,838 video_crawler ERROR: Traceback (most recent call last):
  File "C:\Users\irosa\Desktop\新しいフォルダー (3)\Chameleon\internal\audio\video_crawler.py", line 2, in <module>
    import yt_dlp
ModuleNotFoundError: No module named 'yt_dlp'

[diffusion_infer STDOUT] 
2025-06-03 13:10:42,009 diffusion_infer ERROR: 
Cycle finished: 2025-06-03 13:10:41
2025-06-03 13:11:42,012 Start cycle: 2025-06-03 13:11:42
[video_crawler STDOUT] 
2025-06-03 13:11:42,148 video_crawler ERROR: Traceback (most recent call last):
  File "C:\Users\irosa\Desktop\新しいフォルダー (3)\Chameleon\internal\audio\video_crawler.py", line 2, in <module>
    import yt_dlp
ModuleNotFoundError: No module named 'yt_dlp'

[diffusion_infer STDOUT] 
2025-06-03 13:11:42,338 diffusion_infer ERROR: 
Cycle finished: 2025-06-03 13:11:42
2025-06-03 13:12:42,350 Start cycle: 2025-06-03 13:12:42
[video_crawler STDOUT] 
2025-06-03 13:12:42,502 video_crawler ERROR: Traceback (most recent call last):
  File "C:\Users\irosa\Desktop\新しいフォルダー (3)\Chameleon\internal\audio\video_crawler.py", line 2, in <module>
    import yt_dlp
ModuleNotFoundError: No module named 'yt_dlp'

[diffusion_infer STDOUT] 
2025-06-03 13:12:42,666 diffusion_infer ERROR: 
Cycle finished: 2025-06-03 13:12:42
2025-06-03 13:13:42,679 Start cycle: 2025-06-03 13:13:42
[video_crawler STDOUT] 
2025-06-03 13:13:42,827 video_crawler ERROR: Traceback (most recent call last):
  File "C:\Users\irosa\Desktop\新しいフォルダー (3)\Chameleon\internal\audio\video_crawler.py", line 2, in <module>
    import yt_dlp
ModuleNotFoundError: No module named 'yt_dlp'

[diffusion_infer STDOUT] 
2025-06-03 13:13:43,034 diffusion_infer ERROR: 
Cycle finished: 2025-06-03 13:13:42
2025-06-03 13:14:43,045 Start cycle: 2025-06-03 13:14:43
[video_crawler STDOUT] 
2025-06-03 13:14:43,169 video_crawler ERROR: Traceback (most recent call last):
  File "C:\Users\irosa\Desktop\新しいフォルダー (3)\Chameleon\internal\audio\video_crawler.py", line 2, in <module>
    import yt_dlp
ModuleNotFoundError: No module named 'yt_dlp'

[diffusion_infer STDOUT] 
2025-06-03 13:14:43,348 diffusion_infer ERROR: 
Cycle finished: 2025-06-03 13:14:43
2025-06-03 13:15:43,354 Start cycle: 2025-06-03 13:15:43
[video_crawler STDOUT] 
2025-06-03 13:15:43,512 video_crawler ERROR: Traceback (most recent call last):
  File "C:\Users\irosa\Desktop\新しいフォルダー (3)\Chameleon\internal\audio\video_crawler.py", line 2, in <module>
    import yt_dlp
ModuleNotFoundError: No module named 'yt_dlp'

[diffusion_infer STDOUT] 
2025-06-03 13:15:43,651 diffusion_infer ERROR: 
Cycle finished: 2025-06-03 13:15:43
2025-06-03 13:16:43,665 Start cycle: 2025-06-03 13:16:43
[video_crawler STDOUT] 
2025-06-03 13:16:43,811 video_crawler ERROR: Traceback (most recent call last):
  File "C:\Users\irosa\Desktop\新しいフォルダー (3)\Chameleon\internal\audio\video_crawler.py", line 2, in <module>
    import yt_dlp
ModuleNotFoundError: No module named 'yt_dlp'

[diffusion_infer STDOUT] 
2025-06-03 13:16:44,006 diffusion_infer ERROR: 
Cycle finished: 2025-06-03 13:16:43
2025-06-03 13:17:44,018 Start cycle: 2025-06-03 13:17:44
[video_crawler STDOUT] 
2025-06-03 13:17:44,158 video_crawler ERROR: Traceback (most recent call last):
  File "C:\Users\irosa\Desktop\新しいフォルダー (3)\Chameleon\internal\audio\video_crawler.py", line 2, in <module>
    import yt_dlp
ModuleNotFoundError: No module named 'yt_dlp'

[diffusion_infer STDOUT] 
2025-06-03 13:17:44,355 diffusion_infer ERROR: 
Cycle finished: 2025-06-03 13:17:44
2025-06-03 13:18:44,360 Start cycle: 2025-06-03 13:18:44
[video_crawler STDOUT] 
2025-06-03 13:18:44,482 video_crawler ERROR: Traceback (most recent call last):
  File "C:\Users\irosa\Desktop\新しいフォルダー (3)\Chameleon\internal\audio\video_crawler.py", line 2, in <module>
    import yt_dlp
ModuleNotFoundError: No module named 'yt_dlp'

[diffusion_infer STDOUT] 
2025-06-03 13:18:44,624 diffusion_infer ERROR: 
Cycle finished: 2025-06-03 13:18:44
2025-06-03 13:19:44,637 Start cycle: 2025-06-03 13:19:44
[video_crawler STDOUT] 
2025-06-03 13:19:44,774 video_crawler ERROR: Traceback (most recent call last):
  File "C:\Users\irosa\Desktop\新しいフォルダー (3)\Chameleon\internal\audio\video_crawler.py", line 2, in <module>
    import yt_dlp
ModuleNotFoundError: No module named 'yt_dlp'

[diffusion_infer STDOUT] 
2025-06-03 13:19:44,974 diffusion_infer ERROR: 
Cycle finished: 2025-06-03 13:19:44
2025-06-03 13:20:44,983 Start cycle: 2025-06-03 13:20:44
[video_crawler STDOUT] 
2025-06-03 13:20:45,131 video_crawler ERROR: Traceback (most recent call last):
  File "C:\Users\irosa\Desktop\新しいフォルダー (3)\Chameleon\internal\audio\video_crawler.py", line 2, in <module>
    import yt_dlp
ModuleNotFoundError: No module named 'yt_dlp'

[diffusion_infer STDOUT] 
2025-06-03 13:20:45,322 diffusion_infer ERROR: 
Cycle finished: 2025-06-03 13:20:44
2025-06-03 13:21:45,332 Start cycle: 2025-06-03 13:21:45
[video_crawler STDOUT] 
2025-06-03 13:21:45,485 video_crawler ERROR: Traceback (most recent call last):
  File "C:\Users\irosa\Desktop\新しいフォルダー (3)\Chameleon\internal\audio\video_crawler.py", line 2, in <module>
    import yt_dlp
ModuleNotFoundError: No module named 'yt_dlp'

[diffusion_infer STDOUT] 
2025-06-03 13:21:45,675 diffusion_infer ERROR: 
Cycle finished: 2025-06-03 13:21:45
2025-06-03 13:22:45,685 Start cycle: 2025-06-03 13:22:45
[video_crawler STDOUT] 
2025-06-03 13:22:45,807 video_crawler ERROR: Traceback (most recent call last):
  File "C:\Users\irosa\Desktop\新しいフォルダー (3)\Chameleon\internal\audio\video_crawler.py", line 2, in <module>
    import yt_dlp
ModuleNotFoundError: No module named 'yt_dlp'

[diffusion_infer STDOUT] 
2025-06-03 13:22:45,958 diffusion_infer ERROR: 
Cycle finished: 2025-06-03 13:22:45
2025-06-03 13:23:45,962 Start cycle: 2025-06-03 13:23:45
[video_crawler STDOUT] 
2025-06-03 13:23:46,096 video_crawler ERROR: Traceback (most recent call last):
  File "C:\Users\irosa\Desktop\新しいフォルダー (3)\Chameleon\internal\audio\video_crawler.py", line 2, in <module>
    import yt_dlp
ModuleNotFoundError: No module named 'yt_dlp'

[diffusion_infer STDOUT] 
2025-06-03 13:23:46,291 diffusion_infer ERROR: 
Cycle finished: 2025-06-03 13:23:45
2025-06-03 13:24:46,300 Start cycle: 2025-06-03 13:24:46
[video_crawler STDOUT] 
2025-06-03 13:24:46,435 video_crawler ERROR: Traceback (most recent call last):
  File "C:\Users\irosa\Desktop\新しいフォルダー (3)\Chameleon\internal\audio\video_crawler.py", line 2, in <module>
    import yt_dlp
ModuleNotFoundError: No module named 'yt_dlp'

[diffusion_infer STDOUT] 
2025-06-03 13:24:46,612 diffusion_infer ERROR: 
Cycle finished: 2025-06-03 13:24:46
2025-06-03 13:25:46,625 Start cycle: 2025-06-03 13:25:46
[video_crawler STDOUT] 
2025-06-03 13:25:46,782 video_crawler ERROR: Traceback (most recent call last):
  File "C:\Users\irosa\Desktop\新しいフォルダー (3)\Chameleon\internal\audio\video_crawler.py", line 2, in <module>
    import yt_dlp
ModuleNotFoundError: No module named 'yt_dlp'

[diffusion_infer STDOUT] 
2025-06-03 13:25:46,927 diffusion_infer ERROR: 
Cycle finished: 2025-06-03 13:25:46
2025-06-03 13:26:46,942 Start cycle: 2025-06-03 13:26:46
[video_crawler STDOUT] 
2025-06-03 13:26:47,090 video_crawler ERROR: Traceback (most recent call last):
  File "C:\Users\irosa\Desktop\新しいフォルダー (3)\Chameleon\internal\audio\video_crawler.py", line 2, in <module>
    import yt_dlp
ModuleNotFoundError: No module named 'yt_dlp'

[diffusion_infer STDOUT] 
2025-06-03 13:26:47,295 diffusion_infer ERROR: 
Cycle finished: 2025-06-03 13:26:46
2025-06-03 13:27:00,704 Start cycle: 2025-06-03 13:27:00
2025-06-03 13:27:00,869 video_crawler ERROR: Traceback (most recent call last):
  File "C:\Users\irosa\Desktop\新しいフォルダー (3)\Chameleon\internal\audio\video_crawler.py", line 2, in <module>
    import yt_dlp
ModuleNotFoundError: No module named 'yt_dlp'

2025-06-03 13:27:01,055 diffusion_infer ERROR: 
Cycle finished: 2025-06-03 13:27:00
2025-06-03 13:27:47,301 Start cycle: 2025-06-03 13:27:47
[video_crawler STDOUT] 
2025-06-03 13:27:47,401 video_crawler ERROR: Traceback (most recent call last):
  File "C:\Users\irosa\Desktop\新しいフォルダー (3)\Chameleon\internal\audio\video_crawler.py", line 2, in <module>
    import yt_dlp
ModuleNotFoundError: No module named 'yt_dlp'

[diffusion_infer STDOUT] 
2025-06-03 13:27:47,548 diffusion_infer ERROR: 
Cycle finished: 2025-06-03 13:27:47
2025-06-03 13:28:47,556 Start cycle: 2025-06-03 13:28:47
[video_crawler STDOUT] 
2025-06-03 13:28:47,712 video_crawler ERROR: Traceback (most recent call last):
  File "C:\Users\irosa\Desktop\新しいフォルダー (3)\Chameleon\internal\audio\video_crawler.py", line 2, in <module>
    import yt_dlp
ModuleNotFoundError: No module named 'yt_dlp'

[diffusion_infer STDOUT] 
2025-06-03 13:28:47,889 diffusion_infer ERROR: 
Cycle finished: 2025-06-03 13:28:47
2025-06-03 13:29:47,899 Start cycle: 2025-06-03 13:29:47
[video_crawler STDOUT] 
2025-06-03 13:29:48,021 video_crawler ERROR: Traceback (most recent call last):
  File "C:\Users\irosa\Desktop\新しいフォルダー (3)\Chameleon\internal\audio\video_crawler.py", line 2, in <module>
    import yt_dlp
ModuleNotFoundError: No module named 'yt_dlp'

[diffusion_infer STDOUT] 
2025-06-03 13:29:48,214 diffusion_infer ERROR: 
Cycle finished: 2025-06-03 13:29:47
2025-06-03 13:30:48,221 Start cycle: 2025-06-03 13:30:48
[video_crawler STDOUT] 
2025-06-03 13:30:48,369 video_crawler ERROR: Traceback (most recent call last):
  File "C:\Users\irosa\Desktop\新しいフォルダー (3)\Chameleon\internal\audio\video_crawler.py", line 2, in <module>
    import yt_dlp
ModuleNotFoundError: No module named 'yt_dlp'

[diffusion_infer STDOUT] 
2025-06-03 13:30:48,543 diffusion_infer ERROR: 
Cycle finished: 2025-06-03 13:30:48
2025-06-03 13:31:48,552 Start cycle: 2025-06-03 13:31:48
[video_crawler STDOUT] 
2025-06-03 13:31:48,696 video_crawler ERROR: Traceback (most recent call last):
  File "C:\Users\irosa\Desktop\新しいフォルダー (3)\Chameleon\internal\audio\video_crawler.py", line 2, in <module>
    import yt_dlp
ModuleNotFoundError: No module named 'yt_dlp'

[diffusion_infer STDOUT] 
2025-06-03 13:31:48,903 diffusion_infer ERROR: 
Cycle finished: 2025-06-03 13:31:48
2025-06-03 13:32:48,917 Start cycle: 2025-06-03 13:32:48
[video_crawler STDOUT] 
2025-06-03 13:32:49,067 video_crawler ERROR: Traceback (most recent call last):
  File "C:\Users\irosa\Desktop\新しいフォルダー (3)\Chameleon\internal\audio\video_crawler.py", line 2, in <module>
    import yt_dlp
ModuleNotFoundError: No module named 'yt_dlp'

[diffusion_infer STDOUT] 
2025-06-03 13:32:49,259 diffusion_infer ERROR: 
Cycle finished: 2025-06-03 13:32:48
2025-06-03 13:33:49,264 Start cycle: 2025-06-03 13:33:49
[video_crawler STDOUT] 
2025-06-03 13:33:49,429 video_crawler ERROR: Traceback (most recent call last):
  File "C:\Users\irosa\Desktop\新しいフォルダー (3)\Chameleon\internal\audio\video_crawler.py", line 2, in <module>
    import yt_dlp
ModuleNotFoundError: No module named 'yt_dlp'

[diffusion_infer STDOUT] 
2025-06-03 13:33:49,643 diffusion_infer ERROR: 
Cycle finished: 2025-06-03 13:33:49
2025-06-03 13:34:49,659 Start cycle: 2025-06-03 13:34:49
[video_crawler STDOUT] 
2025-06-03 13:34:49,792 video_crawler ERROR: Traceback (most recent call last):
  File "C:\Users\irosa\Desktop\新しいフォルダー (3)\Chameleon\internal\audio\video_crawler.py", line 2, in <module>
    import yt_dlp
ModuleNotFoundError: No module named 'yt_dlp'

[diffusion_infer STDOUT] 
2025-06-03 13:34:49,976 diffusion_infer ERROR: 
Cycle finished: 2025-06-03 13:34:49
2025-06-03 13:35:49,991 Start cycle: 2025-06-03 13:35:49
[video_crawler STDOUT] 
2025-06-03 13:35:50,146 video_crawler ERROR: Traceback (most recent call last):
  File "C:\Users\irosa\Desktop\新しいフォルダー (3)\Chameleon\internal\audio\video_crawler.py", line 2, in <module>
    import yt_dlp
ModuleNotFoundError: No module named 'yt_dlp'

[diffusion_infer STDOUT] 
2025-06-03 13:35:50,353 diffusion_infer ERROR: 
Cycle finished: 2025-06-03 13:35:49
2025-06-03 13:36:50,358 Start cycle: 2025-06-03 13:36:50
[video_crawler STDOUT] 
2025-06-03 13:36:50,498 video_crawler ERROR: Traceback (most recent call last):
  File "C:\Users\irosa\Desktop\新しいフォルダー (3)\Chameleon\internal\audio\video_crawler.py", line 2, in <module>
    import yt_dlp
ModuleNotFoundError: No module named 'yt_dlp'

[diffusion_infer STDOUT] 
2025-06-03 13:36:50,670 diffusion_infer ERROR: 
Cycle finished: 2025-06-03 13:36:50
2025-06-03 13:37:50,679 Start cycle: 2025-06-03 13:37:50
[video_crawler STDOUT] 
2025-06-03 13:37:50,839 video_crawler ERROR: Traceback (most recent call last):
  File "C:\Users\irosa\Desktop\新しいフォルダー (3)\Chameleon\internal\audio\video_crawler.py", line 2, in <module>
    import yt_dlp
ModuleNotFoundError: No module named 'yt_dlp'

[diffusion_infer STDOUT] 
2025-06-03 13:37:50,979 diffusion_infer ERROR: 
Cycle finished: 2025-06-03 13:37:50
2025-06-03 13:38:50,982 Start cycle: 2025-06-03 13:38:50
[video_crawler STDOUT] 
2025-06-03 13:38:51,112 video_crawler ERROR: Traceback (most recent call last):
  File "C:\Users\irosa\Desktop\新しいフォルダー (3)\Chameleon\internal\audio\video_crawler.py", line 2, in <module>
    import yt_dlp
ModuleNotFoundError: No module named 'yt_dlp'

[diffusion_infer STDOUT] 
2025-06-03 13:38:51,289 diffusion_infer ERROR: 
Cycle finished: 2025-06-03 13:38:50
2025-06-03 13:39:51,290 Start cycle: 2025-06-03 13:39:51
[video_crawler STDOUT] 
2025-06-03 13:39:51,427 video_crawler ERROR: Traceback (most recent call last):
  File "C:\Users\irosa\Desktop\新しいフォルダー (3)\Chameleon\internal\audio\video_crawler.py", line 2, in <module>
    import yt_dlp
ModuleNotFoundError: No module named 'yt_dlp'

[diffusion_infer STDOUT] 
2025-06-03 13:39:51,619 diffusion_infer ERROR: 
Cycle finished: 2025-06-03 13:39:51
2025-06-03 13:40:51,628 Start cycle: 2025-06-03 13:40:51
[video_crawler STDOUT] 
2025-06-03 13:40:51,803 video_crawler ERROR: Traceback (most recent call last):
  File "C:\Users\irosa\Desktop\新しいフォルダー (3)\Chameleon\internal\audio\video_crawler.py", line 2, in <module>
    import yt_dlp
ModuleNotFoundError: No module named 'yt_dlp'

[diffusion_infer STDOUT] 
2025-06-03 13:40:52,012 diffusion_infer ERROR: 
Cycle finished: 2025-06-03 13:40:51
2025-06-03 13:41:52,028 Start cycle: 2025-06-03 13:41:52
[video_crawler STDOUT] 
2025-06-03 13:41:52,202 video_crawler ERROR: Traceback (most recent call last):
  File "C:\Users\irosa\Desktop\新しいフォルダー (3)\Chameleon\internal\audio\video_crawler.py", line 2, in <module>
    import yt_dlp
ModuleNotFoundError: No module named 'yt_dlp'

[diffusion_infer STDOUT] 
2025-06-03 13:41:52,401 diffusion_infer ERROR: 
Cycle finished: 2025-06-03 13:41:52
2025-06-03 13:42:52,402 Start cycle: 2025-06-03 13:42:52
[video_crawler STDOUT] 
2025-06-03 13:42:52,532 video_crawler ERROR: Traceback (most recent call last):
  File "C:\Users\irosa\Desktop\新しいフォルダー (3)\Chameleon\internal\audio\video_crawler.py", line 2, in <module>
    import yt_dlp
ModuleNotFoundError: No module named 'yt_dlp'

[diffusion_infer STDOUT] 
2025-06-03 13:42:52,698 diffusion_infer ERROR: 
Cycle finished: 2025-06-03 13:42:52
2025-06-03 13:43:52,700 Start cycle: 2025-06-03 13:43:52
[video_crawler STDOUT] 
2025-06-03 13:43:52,854 video_crawler ERROR: Traceback (most recent call last):
  File "C:\Users\irosa\Desktop\新しいフォルダー (3)\Chameleon\internal\audio\video_crawler.py", line 2, in <module>
    import yt_dlp
ModuleNotFoundError: No module named 'yt_dlp'

[diffusion_infer STDOUT] 
2025-06-03 13:43:53,054 diffusion_infer ERROR: 
Cycle finished: 2025-06-03 13:43:52
2025-06-03 13:44:53,061 Start cycle: 2025-06-03 13:44:53
[video_crawler STDOUT] 
2025-06-03 13:44:53,215 video_crawler ERROR: Traceback (most recent call last):
  File "C:\Users\irosa\Desktop\新しいフォルダー (3)\Chameleon\internal\audio\video_crawler.py", line 2, in <module>
    import yt_dlp
ModuleNotFoundError: No module named 'yt_dlp'

[diffusion_infer STDOUT] 
2025-06-03 13:44:53,410 diffusion_infer ERROR: 
Cycle finished: 2025-06-03 13:44:53
2025-06-03 13:45:53,419 Start cycle: 2025-06-03 13:45:53
[video_crawler STDOUT] 
2025-06-03 13:45:53,562 video_crawler ERROR: Traceback (most recent call last):
  File "C:\Users\irosa\Desktop\新しいフォルダー (3)\Chameleon\internal\audio\video_crawler.py", line 2, in <module>
    import yt_dlp
ModuleNotFoundError: No module named 'yt_dlp'

[diffusion_infer STDOUT] 
2025-06-03 13:45:53,753 diffusion_infer ERROR: 
Cycle finished: 2025-06-03 13:45:53
2025-06-03 13:46:53,768 Start cycle: 2025-06-03 13:46:53
[video_crawler STDOUT] 
2025-06-03 13:46:53,891 video_crawler ERROR: Traceback (most recent call last):
  File "C:\Users\irosa\Desktop\新しいフォルダー (3)\Chameleon\internal\audio\video_crawler.py", line 2, in <module>
    import yt_dlp
ModuleNotFoundError: No module named 'yt_dlp'

[diffusion_infer STDOUT] 
2025-06-03 13:46:54,062 diffusion_infer ERROR: 
Cycle finished: 2025-06-03 13:46:53
2025-06-03 13:47:54,075 Start cycle: 2025-06-03 13:47:54
[video_crawler STDOUT] 
2025-06-03 13:47:54,212 video_crawler ERROR: Traceback (most recent call last):
  File "C:\Users\irosa\Desktop\新しいフォルダー (3)\Chameleon\internal\audio\video_crawler.py", line 2, in <module>
    import yt_dlp
ModuleNotFoundError: No module named 'yt_dlp'

[diffusion_infer STDOUT] 
2025-06-03 13:47:54,381 diffusion_infer ERROR: 
Cycle finished: 2025-06-03 13:47:54
2025-06-03 13:48:54,392 Start cycle: 2025-06-03 13:48:54
[video_crawler STDOUT] 
2025-06-03 13:48:54,521 video_crawler ERROR: Traceback (most recent call last):
  File "C:\Users\irosa\Desktop\新しいフォルダー (3)\Chameleon\internal\audio\video_crawler.py", line 2, in <module>
    import yt_dlp
ModuleNotFoundError: No module named 'yt_dlp'

[diffusion_infer STDOUT] 
2025-06-03 13:48:54,713 diffusion_infer ERROR: 
Cycle finished: 2025-06-03 13:48:54
2025-06-03 13:49:54,718 Start cycle: 2025-06-03 13:49:54
[video_crawler STDOUT] 
2025-06-03 13:49:54,866 video_crawler ERROR: Traceback (most recent call last):
  File "C:\Users\irosa\Desktop\新しいフォルダー (3)\Chameleon\internal\audio\video_crawler.py", line 2, in <module>
    import yt_dlp
ModuleNotFoundError: No module named 'yt_dlp'

[diffusion_infer STDOUT] 
2025-06-03 13:49:55,059 diffusion_infer ERROR: 
Cycle finished: 2025-06-03 13:49:54
2025-06-03 13:50:55,061 Start cycle: 2025-06-03 13:50:55
[video_crawler STDOUT] 
2025-06-03 13:50:55,213 video_crawler ERROR: Traceback (most recent call last):
  File "C:\Users\irosa\Desktop\新しいフォルダー (3)\Chameleon\internal\audio\video_crawler.py", line 2, in <module>
    import yt_dlp
ModuleNotFoundError: No module named 'yt_dlp'

[diffusion_infer STDOUT] 
2025-06-03 13:50:55,395 diffusion_infer ERROR: 
Cycle finished: 2025-06-03 13:50:55
2025-06-03 13:51:55,403 Start cycle: 2025-06-03 13:51:55
[video_crawler STDOUT] 
2025-06-03 13:51:55,566 video_crawler ERROR: Traceback (most recent call last):
  File "C:\Users\irosa\Desktop\新しいフォルダー (3)\Chameleon\internal\audio\video_crawler.py", line 2, in <module>
    import yt_dlp
ModuleNotFoundError: No module named 'yt_dlp'

[diffusion_infer STDOUT] 
2025-06-03 13:51:55,768 diffusion_infer ERROR: 
Cycle finished: 2025-06-03 13:51:55
2025-06-03 13:52:55,779 Start cycle: 2025-06-03 13:52:55
[video_crawler STDOUT] 
2025-06-03 13:52:55,933 video_crawler ERROR: Traceback (most recent call last):
  File "C:\Users\irosa\Desktop\新しいフォルダー (3)\Chameleon\internal\audio\video_crawler.py", line 2, in <module>
    import yt_dlp
ModuleNotFoundError: No module named 'yt_dlp'

[diffusion_infer STDOUT] 
2025-06-03 13:52:56,140 diffusion_infer ERROR: 
Cycle finished: 2025-06-03 13:52:55
2025-06-03 13:53:56,145 Start cycle: 2025-06-03 13:53:56
[video_crawler STDOUT] 
2025-06-03 13:53:56,278 video_crawler ERROR: Traceback (most recent call last):
  File "C:\Users\irosa\Desktop\新しいフォルダー (3)\Chameleon\internal\audio\video_crawler.py", line 2, in <module>
    import yt_dlp
ModuleNotFoundError: No module named 'yt_dlp'

[diffusion_infer STDOUT] 
2025-06-03 13:53:56,468 diffusion_infer ERROR: 
Cycle finished: 2025-06-03 13:53:56
2025-06-03 13:54:56,474 Start cycle: 2025-06-03 13:54:56
[video_crawler STDOUT] 
2025-06-03 13:54:56,614 video_crawler ERROR: Traceback (most recent call last):
  File "C:\Users\irosa\Desktop\新しいフォルダー (3)\Chameleon\internal\audio\video_crawler.py", line 2, in <module>
    import yt_dlp
ModuleNotFoundError: No module named 'yt_dlp'

[diffusion_infer STDOUT] 
2025-06-03 13:54:56,823 diffusion_infer ERROR: 
Cycle finished: 2025-06-03 13:54:56
2025-06-03 13:55:56,830 Start cycle: 2025-06-03 13:55:56
[video_crawler STDOUT] 
2025-06-03 13:55:56,961 video_crawler ERROR: Traceback (most recent call last):
  File "C:\Users\irosa\Desktop\新しいフォルダー (3)\Chameleon\internal\audio\video_crawler.py", line 2, in <module>
    import yt_dlp
ModuleNotFoundError: No module named 'yt_dlp'

[diffusion_infer STDOUT] 
2025-06-03 13:55:57,144 diffusion_infer ERROR: 
Cycle finished: 2025-06-03 13:55:56
2025-06-03 13:56:57,153 Start cycle: 2025-06-03 13:56:57
[video_crawler STDOUT] 
2025-06-03 13:56:57,316 video_crawler ERROR: Traceback (most recent call last):
  File "C:\Users\irosa\Desktop\新しいフォルダー (3)\Chameleon\internal\audio\video_crawler.py", line 2, in <module>
    import yt_dlp
ModuleNotFoundError: No module named 'yt_dlp'

[diffusion_infer STDOUT] 
2025-06-03 13:56:57,539 diffusion_infer ERROR: 
Cycle finished: 2025-06-03 13:56:57
2025-06-03 13:57:57,553 Start cycle: 2025-06-03 13:57:57
[video_crawler STDOUT] 
2025-06-03 13:57:57,665 video_crawler ERROR: Traceback (most recent call last):
  File "C:\Users\irosa\Desktop\新しいフォルダー (3)\Chameleon\internal\audio\video_crawler.py", line 2, in <module>
    import yt_dlp
ModuleNotFoundError: No module named 'yt_dlp'

[diffusion_infer STDOUT] 
2025-06-03 13:57:57,842 diffusion_infer ERROR: 
Cycle finished: 2025-06-03 13:57:57
2025-06-03 13:58:57,855 Start cycle: 2025-06-03 13:58:57
[video_crawler STDOUT] 
2025-06-03 13:58:57,994 video_crawler ERROR: Traceback (most recent call last):
  File "C:\Users\irosa\Desktop\新しいフォルダー (3)\Chameleon\internal\audio\video_crawler.py", line 2, in <module>
    import yt_dlp
ModuleNotFoundError: No module named 'yt_dlp'

[diffusion_infer STDOUT] 
2025-06-03 13:58:58,187 diffusion_infer ERROR: 
Cycle finished: 2025-06-03 13:58:57
2025-06-03 13:59:58,202 Start cycle: 2025-06-03 13:59:58
[video_crawler STDOUT] 
2025-06-03 13:59:58,336 video_crawler ERROR: Traceback (most recent call last):
  File "C:\Users\irosa\Desktop\新しいフォルダー (3)\Chameleon\internal\audio\video_crawler.py", line 2, in <module>
    import yt_dlp
ModuleNotFoundError: No module named 'yt_dlp'

[diffusion_infer STDOUT] 
2025-06-03 13:59:58,520 diffusion_infer ERROR: 
Cycle finished: 2025-06-03 13:59:58
2025-06-03 14:00:58,531 Start cycle: 2025-06-03 14:00:58
[video_crawler STDOUT] 
2025-06-03 14:00:58,650 video_crawler ERROR: Traceback (most recent call last):
  File "C:\Users\irosa\Desktop\新しいフォルダー (3)\Chameleon\internal\audio\video_crawler.py", line 2, in <module>
    import yt_dlp
ModuleNotFoundError: No module named 'yt_dlp'

[diffusion_infer STDOUT] 
2025-06-03 14:00:58,820 diffusion_infer ERROR: 
Cycle finished: 2025-06-03 14:00:58
2025-06-03 14:01:58,830 Start cycle: 2025-06-03 14:01:58
[video_crawler STDOUT] 
2025-06-03 14:01:58,978 video_crawler ERROR: Traceback (most recent call last):
  File "C:\Users\irosa\Desktop\新しいフォルダー (3)\Chameleon\internal\audio\video_crawler.py", line 2, in <module>
    import yt_dlp
ModuleNotFoundError: No module named 'yt_dlp'

[diffusion_infer STDOUT] 
2025-06-03 14:01:59,157 diffusion_infer ERROR: 
Cycle finished: 2025-06-03 14:01:58
2025-06-03 14:02:59,164 Start cycle: 2025-06-03 14:02:59
[video_crawler STDOUT] 
2025-06-03 14:02:59,284 video_crawler ERROR: Traceback (most recent call last):
  File "C:\Users\irosa\Desktop\新しいフォルダー (3)\Chameleon\internal\audio\video_crawler.py", line 2, in <module>
    import yt_dlp
ModuleNotFoundError: No module named 'yt_dlp'

[diffusion_infer STDOUT] 
2025-06-03 14:02:59,431 diffusion_infer ERROR: 
Cycle finished: 2025-06-03 14:02:59
2025-06-03 14:03:59,437 Start cycle: 2025-06-03 14:03:59
[video_crawler STDOUT] 
2025-06-03 14:03:59,583 video_crawler ERROR: Traceback (most recent call last):
  File "C:\Users\irosa\Desktop\新しいフォルダー (3)\Chameleon\internal\audio\video_crawler.py", line 2, in <module>
    import yt_dlp
ModuleNotFoundError: No module named 'yt_dlp'

[diffusion_infer STDOUT] 
2025-06-03 14:03:59,785 diffusion_infer ERROR: 
Cycle finished: 2025-06-03 14:03:59
2025-06-03 14:04:59,792 Start cycle: 2025-06-03 14:04:59
[video_crawler STDOUT] 
2025-06-03 14:04:59,924 video_crawler ERROR: Traceback (most recent call last):
  File "C:\Users\irosa\Desktop\新しいフォルダー (3)\Chameleon\internal\audio\video_crawler.py", line 2, in <module>
    import yt_dlp
ModuleNotFoundError: No module named 'yt_dlp'

[diffusion_infer STDOUT] 
2025-06-03 14:05:00,129 diffusion_infer ERROR: 
Cycle finished: 2025-06-03 14:04:59
2025-06-03 14:06:00,132 Start cycle: 2025-06-03 14:06:00
[video_crawler STDOUT] 
2025-06-03 14:06:00,278 video_crawler ERROR: Traceback (most recent call last):
  File "C:\Users\irosa\Desktop\新しいフォルダー (3)\Chameleon\internal\audio\video_crawler.py", line 2, in <module>
    import yt_dlp
ModuleNotFoundError: No module named 'yt_dlp'

[diffusion_infer STDOUT] 
2025-06-03 14:06:00,457 diffusion_infer ERROR: 
Cycle finished: 2025-06-03 14:06:00
2025-06-03 14:07:00,463 Start cycle: 2025-06-03 14:07:00
[video_crawler STDOUT] 
2025-06-03 14:07:00,586 video_crawler ERROR: Traceback (most recent call last):
  File "C:\Users\irosa\Desktop\新しいフォルダー (3)\Chameleon\internal\audio\video_crawler.py", line 2, in <module>
    import yt_dlp
ModuleNotFoundError: No module named 'yt_dlp'

[diffusion_infer STDOUT] 
2025-06-03 14:07:00,780 diffusion_infer ERROR: 
Cycle finished: 2025-06-03 14:07:00
2025-06-03 14:08:00,793 Start cycle: 2025-06-03 14:08:00
[video_crawler STDOUT] 
2025-06-03 14:08:00,925 video_crawler ERROR: Traceback (most recent call last):
  File "C:\Users\irosa\Desktop\新しいフォルダー (3)\Chameleon\internal\audio\video_crawler.py", line 2, in <module>
    import yt_dlp
ModuleNotFoundError: No module named 'yt_dlp'

[diffusion_infer STDOUT] 
2025-06-03 14:08:01,122 diffusion_infer ERROR: 
Cycle finished: 2025-06-03 14:08:00
2025-06-03 14:09:01,134 Start cycle: 2025-06-03 14:09:01
[video_crawler STDOUT] 
2025-06-03 14:09:01,285 video_crawler ERROR: Traceback (most recent call last):
  File "C:\Users\irosa\Desktop\新しいフォルダー (3)\Chameleon\internal\audio\video_crawler.py", line 2, in <module>
    import yt_dlp
ModuleNotFoundError: No module named 'yt_dlp'

[diffusion_infer STDOUT] 
2025-06-03 14:09:01,461 diffusion_infer ERROR: 
Cycle finished: 2025-06-03 14:09:01
2025-06-03 14:10:01,465 Start cycle: 2025-06-03 14:10:01
[video_crawler STDOUT] 
2025-06-03 14:10:01,579 video_crawler ERROR: Traceback (most recent call last):
  File "C:\Users\irosa\Desktop\新しいフォルダー (3)\Chameleon\internal\audio\video_crawler.py", line 2, in <module>
    import yt_dlp
ModuleNotFoundError: No module named 'yt_dlp'

[diffusion_infer STDOUT] 
2025-06-03 14:10:01,730 diffusion_infer ERROR: 
Cycle finished: 2025-06-03 14:10:01
2025-06-03 14:11:01,741 Start cycle: 2025-06-03 14:11:01
[video_crawler STDOUT] 
2025-06-03 14:11:01,891 video_crawler ERROR: Traceback (most recent call last):
  File "C:\Users\irosa\Desktop\新しいフォルダー (3)\Chameleon\internal\audio\video_crawler.py", line 2, in <module>
    import yt_dlp
ModuleNotFoundError: No module named 'yt_dlp'

[diffusion_infer STDOUT] 
2025-06-03 14:11:02,107 diffusion_infer ERROR: 
Cycle finished: 2025-06-03 14:11:01
2025-06-03 14:12:02,124 Start cycle: 2025-06-03 14:12:02
[video_crawler STDOUT] 
2025-06-03 14:12:02,269 video_crawler ERROR: Traceback (most recent call last):
  File "C:\Users\irosa\Desktop\新しいフォルダー (3)\Chameleon\internal\audio\video_crawler.py", line 2, in <module>
    import yt_dlp
ModuleNotFoundError: No module named 'yt_dlp'

[diffusion_infer STDOUT] 
2025-06-03 14:12:02,459 diffusion_infer ERROR: 
Cycle finished: 2025-06-03 14:12:02
2025-06-03 14:13:02,464 Start cycle: 2025-06-03 14:13:02
[video_crawler STDOUT] 
2025-06-03 14:13:02,611 video_crawler ERROR: Traceback (most recent call last):
  File "C:\Users\irosa\Desktop\新しいフォルダー (3)\Chameleon\internal\audio\video_crawler.py", line 2, in <module>
    import yt_dlp
ModuleNotFoundError: No module named 'yt_dlp'

[diffusion_infer STDOUT] 
2025-06-03 14:13:02,782 diffusion_infer ERROR: 
Cycle finished: 2025-06-03 14:13:02
2025-06-03 14:14:02,783 Start cycle: 2025-06-03 14:14:02
[video_crawler STDOUT] 
2025-06-03 14:14:02,914 video_crawler ERROR: Traceback (most recent call last):
  File "C:\Users\irosa\Desktop\新しいフォルダー (3)\Chameleon\internal\audio\video_crawler.py", line 2, in <module>
    import yt_dlp
ModuleNotFoundError: No module named 'yt_dlp'

[diffusion_infer STDOUT] 
2025-06-03 14:14:03,094 diffusion_infer ERROR: 
Cycle finished: 2025-06-03 14:14:02
2025-06-03 14:15:03,099 Start cycle: 2025-06-03 14:15:03
[video_crawler STDOUT] 
2025-06-03 14:15:03,258 video_crawler ERROR: Traceback (most recent call last):
  File "C:\Users\irosa\Desktop\新しいフォルダー (3)\Chameleon\internal\audio\video_crawler.py", line 2, in <module>
    import yt_dlp
ModuleNotFoundError: No module named 'yt_dlp'

[diffusion_infer STDOUT] 
2025-06-03 14:15:03,458 diffusion_infer ERROR: 
Cycle finished: 2025-06-03 14:15:03
2025-06-03 14:16:03,474 Start cycle: 2025-06-03 14:16:03
[video_crawler STDOUT] 
2025-06-03 14:16:03,596 video_crawler ERROR: Traceback (most recent call last):
  File "C:\Users\irosa\Desktop\新しいフォルダー (3)\Chameleon\internal\audio\video_crawler.py", line 2, in <module>
    import yt_dlp
ModuleNotFoundError: No module named 'yt_dlp'

[diffusion_infer STDOUT] 
2025-06-03 14:16:03,765 diffusion_infer ERROR: 
Cycle finished: 2025-06-03 14:16:03
2025-06-03 14:17:03,770 Start cycle: 2025-06-03 14:17:03
[video_crawler STDOUT] 
2025-06-03 14:17:03,893 video_crawler ERROR: Traceback (most recent call last):
  File "C:\Users\irosa\Desktop\新しいフォルダー (3)\Chameleon\internal\audio\video_crawler.py", line 2, in <module>
    import yt_dlp
ModuleNotFoundError: No module named 'yt_dlp'

[diffusion_infer STDOUT] 
2025-06-03 14:17:04,043 diffusion_infer ERROR: 
Cycle finished: 2025-06-03 14:17:03
2025-06-03 14:18:04,050 Start cycle: 2025-06-03 14:18:04
[video_crawler STDOUT] 
2025-06-03 14:18:04,175 video_crawler ERROR: Traceback (most recent call last):
  File "C:\Users\irosa\Desktop\新しいフォルダー (3)\Chameleon\internal\audio\video_crawler.py", line 2, in <module>
    import yt_dlp
ModuleNotFoundError: No module named 'yt_dlp'

[diffusion_infer STDOUT] 
2025-06-03 14:18:04,347 diffusion_infer ERROR: 
Cycle finished: 2025-06-03 14:18:04
2025-06-03 14:19:04,355 Start cycle: 2025-06-03 14:19:04
[video_crawler STDOUT] 
2025-06-03 14:19:04,487 video_crawler ERROR: Traceback (most recent call last):
  File "C:\Users\irosa\Desktop\新しいフォルダー (3)\Chameleon\internal\audio\video_crawler.py", line 2, in <module>
    import yt_dlp
ModuleNotFoundError: No module named 'yt_dlp'

[diffusion_infer STDOUT] 
2025-06-03 14:19:04,665 diffusion_infer ERROR: 
Cycle finished: 2025-06-03 14:19:04
2025-06-03 14:20:04,679 Start cycle: 2025-06-03 14:20:04
[video_crawler STDOUT] 
2025-06-03 14:20:04,830 video_crawler ERROR: Traceback (most recent call last):
  File "C:\Users\irosa\Desktop\新しいフォルダー (3)\Chameleon\internal\audio\video_crawler.py", line 2, in <module>
    import yt_dlp
ModuleNotFoundError: No module named 'yt_dlp'

[diffusion_infer STDOUT] 
2025-06-03 14:20:04,986 diffusion_infer ERROR: 
Cycle finished: 2025-06-03 14:20:04
2025-06-03 14:21:04,988 Start cycle: 2025-06-03 14:21:04
[video_crawler STDOUT] 
2025-06-03 14:21:05,112 video_crawler ERROR: Traceback (most recent call last):
  File "C:\Users\irosa\Desktop\新しいフォルダー (3)\Chameleon\internal\audio\video_crawler.py", line 2, in <module>
    import yt_dlp
ModuleNotFoundError: No module named 'yt_dlp'

[diffusion_infer STDOUT] 
2025-06-03 14:21:05,290 diffusion_infer ERROR: 
Cycle finished: 2025-06-03 14:21:04
2025-06-03 14:22:05,305 Start cycle: 2025-06-03 14:22:05
[video_crawler STDOUT] 
2025-06-03 14:22:05,460 video_crawler ERROR: Traceback (most recent call last):
  File "C:\Users\irosa\Desktop\新しいフォルダー (3)\Chameleon\internal\audio\video_crawler.py", line 2, in <module>
    import yt_dlp
ModuleNotFoundError: No module named 'yt_dlp'

[diffusion_infer STDOUT] 
2025-06-03 14:22:05,654 diffusion_infer ERROR: 
Cycle finished: 2025-06-03 14:22:05
2025-06-03 14:23:05,668 Start cycle: 2025-06-03 14:23:05
[video_crawler STDOUT] 
2025-06-03 14:23:05,827 video_crawler ERROR: Traceback (most recent call last):
  File "C:\Users\irosa\Desktop\新しいフォルダー (3)\Chameleon\internal\audio\video_crawler.py", line 2, in <module>
    import yt_dlp
ModuleNotFoundError: No module named 'yt_dlp'

[diffusion_infer STDOUT] 
2025-06-03 14:23:06,004 diffusion_infer ERROR: 
Cycle finished: 2025-06-03 14:23:05
2025-06-03 14:24:06,014 Start cycle: 2025-06-03 14:24:06
[video_crawler STDOUT] 
2025-06-03 14:24:06,147 video_crawler ERROR: Traceback (most recent call last):
  File "C:\Users\irosa\Desktop\新しいフォルダー (3)\Chameleon\internal\audio\video_crawler.py", line 2, in <module>
    import yt_dlp
ModuleNotFoundError: No module named 'yt_dlp'

[diffusion_infer STDOUT] 
2025-06-03 14:24:06,296 diffusion_infer ERROR: 
Cycle finished: 2025-06-03 14:24:06
2025-06-03 14:25:06,305 Start cycle: 2025-06-03 14:25:06
[video_crawler STDOUT] 
2025-06-03 14:25:06,438 video_crawler ERROR: Traceback (most recent call last):
  File "C:\Users\irosa\Desktop\新しいフォルダー (3)\Chameleon\internal\audio\video_crawler.py", line 2, in <module>
    import yt_dlp
ModuleNotFoundError: No module named 'yt_dlp'

[diffusion_infer STDOUT] 
2025-06-03 14:25:06,657 diffusion_infer ERROR: 
Cycle finished: 2025-06-03 14:25:06
2025-06-03 14:26:06,667 Start cycle: 2025-06-03 14:26:06
[video_crawler STDOUT] 
2025-06-03 14:26:06,831 video_crawler ERROR: Traceback (most recent call last):
  File "C:\Users\irosa\Desktop\新しいフォルダー (3)\Chameleon\internal\audio\video_crawler.py", line 2, in <module>
    import yt_dlp
ModuleNotFoundError: No module named 'yt_dlp'

[diffusion_infer STDOUT] 
2025-06-03 14:26:07,038 diffusion_infer ERROR: 
Cycle finished: 2025-06-03 14:26:06
2025-06-03 14:27:01,066 Start cycle: 2025-06-03 14:27:01
2025-06-03 14:27:01,242 video_crawler ERROR: Traceback (most recent call last):
  File "C:\Users\irosa\Desktop\新しいフォルダー (3)\Chameleon\internal\audio\video_crawler.py", line 2, in <module>
    import yt_dlp
ModuleNotFoundError: No module named 'yt_dlp'

2025-06-03 14:27:01,444 diffusion_infer ERROR: 
Cycle finished: 2025-06-03 14:27:01
2025-06-03 14:27:07,051 Start cycle: 2025-06-03 14:27:07
[video_crawler STDOUT] 
2025-06-03 14:27:07,189 video_crawler ERROR: Traceback (most recent call last):
  File "C:\Users\irosa\Desktop\新しいフォルダー (3)\Chameleon\internal\audio\video_crawler.py", line 2, in <module>
    import yt_dlp
ModuleNotFoundError: No module named 'yt_dlp'

[diffusion_infer STDOUT] 
2025-06-03 14:27:07,382 diffusion_infer ERROR: 
Cycle finished: 2025-06-03 14:27:07
2025-06-03 14:28:07,394 Start cycle: 2025-06-03 14:28:07
[video_crawler STDOUT] 
2025-06-03 14:28:07,523 video_crawler ERROR: Traceback (most recent call last):
  File "C:\Users\irosa\Desktop\新しいフォルダー (3)\Chameleon\internal\audio\video_crawler.py", line 2, in <module>
    import yt_dlp
ModuleNotFoundError: No module named 'yt_dlp'

[diffusion_infer STDOUT] 
2025-06-03 14:28:07,674 diffusion_infer ERROR: 
Cycle finished: 2025-06-03 14:28:07
2025-06-03 14:29:07,682 Start cycle: 2025-06-03 14:29:07
[video_crawler STDOUT] 
2025-06-03 14:29:07,794 video_crawler ERROR: Traceback (most recent call last):
  File "C:\Users\irosa\Desktop\新しいフォルダー (3)\Chameleon\internal\audio\video_crawler.py", line 2, in <module>
    import yt_dlp
ModuleNotFoundError: No module named 'yt_dlp'

[diffusion_infer STDOUT] 
2025-06-03 14:29:07,969 diffusion_infer ERROR: 
Cycle finished: 2025-06-03 14:29:07
2025-06-03 14:30:07,977 Start cycle: 2025-06-03 14:30:07
[video_crawler STDOUT] 
2025-06-03 14:30:08,108 video_crawler ERROR: Traceback (most recent call last):
  File "C:\Users\irosa\Desktop\新しいフォルダー (3)\Chameleon\internal\audio\video_crawler.py", line 2, in <module>
    import yt_dlp
ModuleNotFoundError: No module named 'yt_dlp'

[diffusion_infer STDOUT] 
2025-06-03 14:30:08,300 diffusion_infer ERROR: 
Cycle finished: 2025-06-03 14:30:07
2025-06-03 14:31:08,313 Start cycle: 2025-06-03 14:31:08
[video_crawler STDOUT] 
2025-06-03 14:31:08,453 video_crawler ERROR: Traceback (most recent call last):
  File "C:\Users\irosa\Desktop\新しいフォルダー (3)\Chameleon\internal\audio\video_crawler.py", line 2, in <module>
    import yt_dlp
ModuleNotFoundError: No module named 'yt_dlp'

[diffusion_infer STDOUT] 
2025-06-03 14:31:08,656 diffusion_infer ERROR: 
Cycle finished: 2025-06-03 14:31:08
2025-06-03 14:32:08,657 Start cycle: 2025-06-03 14:32:08
[video_crawler STDOUT] 
2025-06-03 14:32:08,813 video_crawler ERROR: Traceback (most recent call last):
  File "C:\Users\irosa\Desktop\新しいフォルダー (3)\Chameleon\internal\audio\video_crawler.py", line 2, in <module>
    import yt_dlp
ModuleNotFoundError: No module named 'yt_dlp'

[diffusion_infer STDOUT] 
2025-06-03 14:32:08,999 diffusion_infer ERROR: 
Cycle finished: 2025-06-03 14:32:08
2025-06-03 14:33:09,015 Start cycle: 2025-06-03 14:33:09
[video_crawler STDOUT] 
2025-06-03 14:33:09,158 video_crawler ERROR: Traceback (most recent call last):
  File "C:\Users\irosa\Desktop\新しいフォルダー (3)\Chameleon\internal\audio\video_crawler.py", line 2, in <module>
    import yt_dlp
ModuleNotFoundError: No module named 'yt_dlp'

[diffusion_infer STDOUT] 
2025-06-03 14:33:09,341 diffusion_infer ERROR: 
Cycle finished: 2025-06-03 14:33:09
2025-06-03 14:34:09,350 Start cycle: 2025-06-03 14:34:09
[video_crawler STDOUT] 
2025-06-03 14:34:09,507 video_crawler ERROR: Traceback (most recent call last):
  File "C:\Users\irosa\Desktop\新しいフォルダー (3)\Chameleon\internal\audio\video_crawler.py", line 2, in <module>
    import yt_dlp
ModuleNotFoundError: No module named 'yt_dlp'

[diffusion_infer STDOUT] 
2025-06-03 14:34:09,690 diffusion_infer ERROR: 
Cycle finished: 2025-06-03 14:34:09
2025-06-03 14:35:09,702 Start cycle: 2025-06-03 14:35:09
[video_crawler STDOUT] 
2025-06-03 14:35:09,847 video_crawler ERROR: Traceback (most recent call last):
  File "C:\Users\irosa\Desktop\新しいフォルダー (3)\Chameleon\internal\audio\video_crawler.py", line 2, in <module>
    import yt_dlp
ModuleNotFoundError: No module named 'yt_dlp'

[diffusion_infer STDOUT] 
2025-06-03 14:35:10,005 diffusion_infer ERROR: 
Cycle finished: 2025-06-03 14:35:09
2025-06-03 14:36:10,014 Start cycle: 2025-06-03 14:36:10
[video_crawler STDOUT] 
2025-06-03 14:36:10,169 video_crawler ERROR: Traceback (most recent call last):
  File "C:\Users\irosa\Desktop\新しいフォルダー (3)\Chameleon\internal\audio\video_crawler.py", line 2, in <module>
    import yt_dlp
ModuleNotFoundError: No module named 'yt_dlp'

[diffusion_infer STDOUT] 
2025-06-03 14:36:10,351 diffusion_infer ERROR: 
Cycle finished: 2025-06-03 14:36:10
2025-06-03 14:37:10,360 Start cycle: 2025-06-03 14:37:10
[video_crawler STDOUT] 
2025-06-03 14:37:10,511 video_crawler ERROR: Traceback (most recent call last):
  File "C:\Users\irosa\Desktop\新しいフォルダー (3)\Chameleon\internal\audio\video_crawler.py", line 2, in <module>
    import yt_dlp
ModuleNotFoundError: No module named 'yt_dlp'

[diffusion_infer STDOUT] 
2025-06-03 14:37:10,723 diffusion_infer ERROR: 
Cycle finished: 2025-06-03 14:37:10
2025-06-03 14:38:10,731 Start cycle: 2025-06-03 14:38:10
[video_crawler STDOUT] 
2025-06-03 14:38:10,855 video_crawler ERROR: Traceback (most recent call last):
  File "C:\Users\irosa\Desktop\新しいフォルダー (3)\Chameleon\internal\audio\video_crawler.py", line 2, in <module>
    import yt_dlp
ModuleNotFoundError: No module named 'yt_dlp'

[diffusion_infer STDOUT] 
2025-06-03 14:38:11,020 diffusion_infer ERROR: 
Cycle finished: 2025-06-03 14:38:10
2025-06-03 14:39:11,030 Start cycle: 2025-06-03 14:39:11
[video_crawler STDOUT] 
2025-06-03 14:39:11,174 video_crawler ERROR: Traceback (most recent call last):
  File "C:\Users\irosa\Desktop\新しいフォルダー (3)\Chameleon\internal\audio\video_crawler.py", line 2, in <module>
    import yt_dlp
ModuleNotFoundError: No module named 'yt_dlp'

[diffusion_infer STDOUT] 
2025-06-03 14:39:11,376 diffusion_infer ERROR: 
Cycle finished: 2025-06-03 14:39:11
2025-06-03 14:40:11,388 Start cycle: 2025-06-03 14:40:11
[video_crawler STDOUT] 
2025-06-03 14:40:11,518 video_crawler ERROR: Traceback (most recent call last):
  File "C:\Users\irosa\Desktop\新しいフォルダー (3)\Chameleon\internal\audio\video_crawler.py", line 2, in <module>
    import yt_dlp
ModuleNotFoundError: No module named 'yt_dlp'

[diffusion_infer STDOUT] 
2025-06-03 14:40:11,694 diffusion_infer ERROR: 
Cycle finished: 2025-06-03 14:40:11
2025-06-03 14:41:11,709 Start cycle: 2025-06-03 14:41:11
[video_crawler STDOUT] 
2025-06-03 14:41:11,859 video_crawler ERROR: Traceback (most recent call last):
  File "C:\Users\irosa\Desktop\新しいフォルダー (3)\Chameleon\internal\audio\video_crawler.py", line 2, in <module>
    import yt_dlp
ModuleNotFoundError: No module named 'yt_dlp'

[diffusion_infer STDOUT] 
2025-06-03 14:41:12,041 diffusion_infer ERROR: 
Cycle finished: 2025-06-03 14:41:11
2025-06-03 14:42:12,051 Start cycle: 2025-06-03 14:42:12
[video_crawler STDOUT] 
2025-06-03 14:42:12,213 video_crawler ERROR: Traceback (most recent call last):
  File "C:\Users\irosa\Desktop\新しいフォルダー (3)\Chameleon\internal\audio\video_crawler.py", line 2, in <module>
    import yt_dlp
ModuleNotFoundError: No module named 'yt_dlp'

[diffusion_infer STDOUT] 
2025-06-03 14:42:12,406 diffusion_infer ERROR: 
Cycle finished: 2025-06-03 14:42:12
2025-06-03 14:43:12,411 Start cycle: 2025-06-03 14:43:12
[video_crawler STDOUT] 
2025-06-03 14:43:12,550 video_crawler ERROR: Traceback (most recent call last):
  File "C:\Users\irosa\Desktop\新しいフォルダー (3)\Chameleon\internal\audio\video_crawler.py", line 2, in <module>
    import yt_dlp
ModuleNotFoundError: No module named 'yt_dlp'

[diffusion_infer STDOUT] 
2025-06-03 14:43:12,728 diffusion_infer ERROR: 
Cycle finished: 2025-06-03 14:43:12
2025-06-03 14:44:12,743 Start cycle: 2025-06-03 14:44:12
[video_crawler STDOUT] 
2025-06-03 14:44:12,875 video_crawler ERROR: Traceback (most recent call last):
  File "C:\Users\irosa\Desktop\新しいフォルダー (3)\Chameleon\internal\audio\video_crawler.py", line 2, in <module>
    import yt_dlp
ModuleNotFoundError: No module named 'yt_dlp'

[diffusion_infer STDOUT] 
2025-06-03 14:44:13,072 diffusion_infer ERROR: 
Cycle finished: 2025-06-03 14:44:12
2025-06-03 14:45:13,076 Start cycle: 2025-06-03 14:45:13
[video_crawler STDOUT] 
2025-06-03 14:45:13,230 video_crawler ERROR: Traceback (most recent call last):
  File "C:\Users\irosa\Desktop\新しいフォルダー (3)\Chameleon\internal\audio\video_crawler.py", line 2, in <module>
    import yt_dlp
ModuleNotFoundError: No module named 'yt_dlp'

[diffusion_infer STDOUT] 
2025-06-03 14:45:13,435 diffusion_infer ERROR: 
Cycle finished: 2025-06-03 14:45:13
2025-06-03 14:46:13,441 Start cycle: 2025-06-03 14:46:13
[video_crawler STDOUT] 
2025-06-03 14:46:13,587 video_crawler ERROR: Traceback (most recent call last):
  File "C:\Users\irosa\Desktop\新しいフォルダー (3)\Chameleon\internal\audio\video_crawler.py", line 2, in <module>
    import yt_dlp
ModuleNotFoundError: No module named 'yt_dlp'

[diffusion_infer STDOUT] 
2025-06-03 14:46:13,753 diffusion_infer ERROR: 
Cycle finished: 2025-06-03 14:46:13
2025-06-03 14:47:13,760 Start cycle: 2025-06-03 14:47:13
[video_crawler STDOUT] 
2025-06-03 14:47:13,859 video_crawler ERROR: Traceback (most recent call last):
  File "C:\Users\irosa\Desktop\新しいフォルダー (3)\Chameleon\internal\audio\video_crawler.py", line 2, in <module>
    import yt_dlp
ModuleNotFoundError: No module named 'yt_dlp'

[diffusion_infer STDOUT] 
2025-06-03 14:47:14,026 diffusion_infer ERROR: 
Cycle finished: 2025-06-03 14:47:13
2025-06-03 14:48:14,036 Start cycle: 2025-06-03 14:48:14
[video_crawler STDOUT] 
2025-06-03 14:48:14,159 video_crawler ERROR: Traceback (most recent call last):
  File "C:\Users\irosa\Desktop\新しいフォルダー (3)\Chameleon\internal\audio\video_crawler.py", line 2, in <module>
    import yt_dlp
ModuleNotFoundError: No module named 'yt_dlp'

[diffusion_infer STDOUT] 
2025-06-03 14:48:14,316 diffusion_infer ERROR: 
Cycle finished: 2025-06-03 14:48:14
2025-06-03 14:49:14,321 Start cycle: 2025-06-03 14:49:14
[video_crawler STDOUT] 
2025-06-03 14:49:14,460 video_crawler ERROR: Traceback (most recent call last):
  File "C:\Users\irosa\Desktop\新しいフォルダー (3)\Chameleon\internal\audio\video_crawler.py", line 2, in <module>
    import yt_dlp
ModuleNotFoundError: No module named 'yt_dlp'

[diffusion_infer STDOUT] 
2025-06-03 14:49:14,623 diffusion_infer ERROR: 
Cycle finished: 2025-06-03 14:49:14
2025-06-03 14:50:14,636 Start cycle: 2025-06-03 14:50:14
[video_crawler STDOUT] 
2025-06-03 14:50:14,733 video_crawler ERROR: Traceback (most recent call last):
  File "C:\Users\irosa\Desktop\新しいフォルダー (3)\Chameleon\internal\audio\video_crawler.py", line 2, in <module>
    import yt_dlp
ModuleNotFoundError: No module named 'yt_dlp'

[diffusion_infer STDOUT] 
2025-06-03 14:50:14,905 diffusion_infer ERROR: 
Cycle finished: 2025-06-03 14:50:14
2025-06-03 14:51:14,915 Start cycle: 2025-06-03 14:51:14
[video_crawler STDOUT] 
2025-06-03 14:51:15,041 video_crawler ERROR: Traceback (most recent call last):
  File "C:\Users\irosa\Desktop\新しいフォルダー (3)\Chameleon\internal\audio\video_crawler.py", line 2, in <module>
    import yt_dlp
ModuleNotFoundError: No module named 'yt_dlp'

[diffusion_infer STDOUT] 
2025-06-03 14:51:15,206 diffusion_infer ERROR: 
Cycle finished: 2025-06-03 14:51:14
2025-06-03 14:52:15,208 Start cycle: 2025-06-03 14:52:15
[video_crawler STDOUT] 
2025-06-03 14:52:15,326 video_crawler ERROR: Traceback (most recent call last):
  File "C:\Users\irosa\Desktop\新しいフォルダー (3)\Chameleon\internal\audio\video_crawler.py", line 2, in <module>
    import yt_dlp
ModuleNotFoundError: No module named 'yt_dlp'

[diffusion_infer STDOUT] 
2025-06-03 14:52:15,486 diffusion_infer ERROR: 
Cycle finished: 2025-06-03 14:52:15
2025-06-03 14:53:15,498 Start cycle: 2025-06-03 14:53:15
[video_crawler STDOUT] 
2025-06-03 14:53:15,631 video_crawler ERROR: Traceback (most recent call last):
  File "C:\Users\irosa\Desktop\新しいフォルダー (3)\Chameleon\internal\audio\video_crawler.py", line 2, in <module>
    import yt_dlp
ModuleNotFoundError: No module named 'yt_dlp'

[diffusion_infer STDOUT] 
2025-06-03 14:53:15,810 diffusion_infer ERROR: 
Cycle finished: 2025-06-03 14:53:15
2025-06-03 14:54:15,812 Start cycle: 2025-06-03 14:54:15
[video_crawler STDOUT] 
2025-06-03 14:54:15,943 video_crawler ERROR: Traceback (most recent call last):
  File "C:\Users\irosa\Desktop\新しいフォルダー (3)\Chameleon\internal\audio\video_crawler.py", line 2, in <module>
    import yt_dlp
ModuleNotFoundError: No module named 'yt_dlp'

[diffusion_infer STDOUT] 
2025-06-03 14:54:16,127 diffusion_infer ERROR: 
Cycle finished: 2025-06-03 14:54:15
2025-06-03 14:55:16,141 Start cycle: 2025-06-03 14:55:16
[video_crawler STDOUT] 
2025-06-03 14:55:16,276 video_crawler ERROR: Traceback (most recent call last):
  File "C:\Users\irosa\Desktop\新しいフォルダー (3)\Chameleon\internal\audio\video_crawler.py", line 2, in <module>
    import yt_dlp
ModuleNotFoundError: No module named 'yt_dlp'

[diffusion_infer STDOUT] 
2025-06-03 14:55:16,427 diffusion_infer ERROR: 
Cycle finished: 2025-06-03 14:55:16
2025-06-03 14:56:16,429 Start cycle: 2025-06-03 14:56:16
[video_crawler STDOUT] 
2025-06-03 14:56:16,556 video_crawler ERROR: Traceback (most recent call last):
  File "C:\Users\irosa\Desktop\新しいフォルダー (3)\Chameleon\internal\audio\video_crawler.py", line 2, in <module>
    import yt_dlp
ModuleNotFoundError: No module named 'yt_dlp'

[diffusion_infer STDOUT] 
2025-06-03 14:56:16,724 diffusion_infer ERROR: 
Cycle finished: 2025-06-03 14:56:16
2025-06-03 14:57:16,738 Start cycle: 2025-06-03 14:57:16
[video_crawler STDOUT] 
2025-06-03 14:57:16,857 video_crawler ERROR: Traceback (most recent call last):
  File "C:\Users\irosa\Desktop\新しいフォルダー (3)\Chameleon\internal\audio\video_crawler.py", line 2, in <module>
    import yt_dlp
ModuleNotFoundError: No module named 'yt_dlp'

[diffusion_infer STDOUT] 
2025-06-03 14:57:17,034 diffusion_infer ERROR: 
Cycle finished: 2025-06-03 14:57:16
2025-06-03 14:58:17,047 Start cycle: 2025-06-03 14:58:17
[video_crawler STDOUT] 
2025-06-03 14:58:17,183 video_crawler ERROR: Traceback (most recent call last):
  File "C:\Users\irosa\Desktop\新しいフォルダー (3)\Chameleon\internal\audio\video_crawler.py", line 2, in <module>
    import yt_dlp
ModuleNotFoundError: No module named 'yt_dlp'

[diffusion_infer STDOUT] 
2025-06-03 14:58:17,341 diffusion_infer ERROR: 
Cycle finished: 2025-06-03 14:58:17
2025-06-03 14:59:17,356 Start cycle: 2025-06-03 14:59:17
[video_crawler STDOUT] 
2025-06-03 14:59:17,505 video_crawler ERROR: Traceback (most recent call last):
  File "C:\Users\irosa\Desktop\新しいフォルダー (3)\Chameleon\internal\audio\video_crawler.py", line 2, in <module>
    import yt_dlp
ModuleNotFoundError: No module named 'yt_dlp'

[diffusion_infer STDOUT] 
2025-06-03 14:59:17,716 diffusion_infer ERROR: 
Cycle finished: 2025-06-03 14:59:17
2025-06-03 15:00:17,720 Start cycle: 2025-06-03 15:00:17
[video_crawler STDOUT] 
2025-06-03 15:00:17,857 video_crawler ERROR: Traceback (most recent call last):
  File "C:\Users\irosa\Desktop\新しいフォルダー (3)\Chameleon\internal\audio\video_crawler.py", line 2, in <module>
    import yt_dlp
ModuleNotFoundError: No module named 'yt_dlp'

[diffusion_infer STDOUT] 
2025-06-03 15:00:18,050 diffusion_infer ERROR: 
Cycle finished: 2025-06-03 15:00:17
2025-06-03 15:01:18,062 Start cycle: 2025-06-03 15:01:18
[video_crawler STDOUT] 
2025-06-03 15:01:18,199 video_crawler ERROR: Traceback (most recent call last):
  File "C:\Users\irosa\Desktop\新しいフォルダー (3)\Chameleon\internal\audio\video_crawler.py", line 2, in <module>
    import yt_dlp
ModuleNotFoundError: No module named 'yt_dlp'

[diffusion_infer STDOUT] 
2025-06-03 15:01:18,371 diffusion_infer ERROR: 
Cycle finished: 2025-06-03 15:01:18
2025-06-03 15:02:18,378 Start cycle: 2025-06-03 15:02:18
[video_crawler STDOUT] 
2025-06-03 15:02:18,494 video_crawler ERROR: Traceback (most recent call last):
  File "C:\Users\irosa\Desktop\新しいフォルダー (3)\Chameleon\internal\audio\video_crawler.py", line 2, in <module>
    import yt_dlp
ModuleNotFoundError: No module named 'yt_dlp'

[diffusion_infer STDOUT] 
2025-06-03 15:02:18,680 diffusion_infer ERROR: 
Cycle finished: 2025-06-03 15:02:18
2025-06-03 15:03:18,686 Start cycle: 2025-06-03 15:03:18
[video_crawler STDOUT] 
2025-06-03 15:03:18,834 video_crawler ERROR: Traceback (most recent call last):
  File "C:\Users\irosa\Desktop\新しいフォルダー (3)\Chameleon\internal\audio\video_crawler.py", line 2, in <module>
    import yt_dlp
ModuleNotFoundError: No module named 'yt_dlp'

[diffusion_infer STDOUT] 
2025-06-03 15:03:19,009 diffusion_infer ERROR: 
Cycle finished: 2025-06-03 15:03:18
2025-06-03 15:04:19,013 Start cycle: 2025-06-03 15:04:19
[video_crawler STDOUT] 
2025-06-03 15:04:19,140 video_crawler ERROR: Traceback (most recent call last):
  File "C:\Users\irosa\Desktop\新しいフォルダー (3)\Chameleon\internal\audio\video_crawler.py", line 2, in <module>
    import yt_dlp
ModuleNotFoundError: No module named 'yt_dlp'

[diffusion_infer STDOUT] 
2025-06-03 15:04:19,333 diffusion_infer ERROR: 
Cycle finished: 2025-06-03 15:04:19
2025-06-03 15:05:19,338 Start cycle: 2025-06-03 15:05:19
[video_crawler STDOUT] 
2025-06-03 15:05:19,486 video_crawler ERROR: Traceback (most recent call last):
  File "C:\Users\irosa\Desktop\新しいフォルダー (3)\Chameleon\internal\audio\video_crawler.py", line 2, in <module>
    import yt_dlp
ModuleNotFoundError: No module named 'yt_dlp'

[diffusion_infer STDOUT] 
2025-06-03 15:05:19,663 diffusion_infer ERROR: 
Cycle finished: 2025-06-03 15:05:19
2025-06-03 15:06:19,672 Start cycle: 2025-06-03 15:06:19
[video_crawler STDOUT] 
2025-06-03 15:06:19,828 video_crawler ERROR: Traceback (most recent call last):
  File "C:\Users\irosa\Desktop\新しいフォルダー (3)\Chameleon\internal\audio\video_crawler.py", line 2, in <module>
    import yt_dlp
ModuleNotFoundError: No module named 'yt_dlp'

[diffusion_infer STDOUT] 
2025-06-03 15:06:20,005 diffusion_infer ERROR: 
Cycle finished: 2025-06-03 15:06:19
2025-06-03 15:07:20,010 Start cycle: 2025-06-03 15:07:20
[video_crawler STDOUT] 
2025-06-03 15:07:20,168 video_crawler ERROR: Traceback (most recent call last):
  File "C:\Users\irosa\Desktop\新しいフォルダー (3)\Chameleon\internal\audio\video_crawler.py", line 2, in <module>
    import yt_dlp
ModuleNotFoundError: No module named 'yt_dlp'

[diffusion_infer STDOUT] 
2025-06-03 15:07:20,342 diffusion_infer ERROR: 
Cycle finished: 2025-06-03 15:07:20
2025-06-03 15:08:20,347 Start cycle: 2025-06-03 15:08:20
[video_crawler STDOUT] 
2025-06-03 15:08:20,509 video_crawler ERROR: Traceback (most recent call last):
  File "C:\Users\irosa\Desktop\新しいフォルダー (3)\Chameleon\internal\audio\video_crawler.py", line 2, in <module>
    import yt_dlp
ModuleNotFoundError: No module named 'yt_dlp'

[diffusion_infer STDOUT] 
2025-06-03 15:08:20,713 diffusion_infer ERROR: 
Cycle finished: 2025-06-03 15:08:20
2025-06-03 15:09:20,726 Start cycle: 2025-06-03 15:09:20
[video_crawler STDOUT] 
2025-06-03 15:09:20,865 video_crawler ERROR: Traceback (most recent call last):
  File "C:\Users\irosa\Desktop\新しいフォルダー (3)\Chameleon\internal\audio\video_crawler.py", line 2, in <module>
    import yt_dlp
ModuleNotFoundError: No module named 'yt_dlp'

[diffusion_infer STDOUT] 
2025-06-03 15:09:21,043 diffusion_infer ERROR: 
Cycle finished: 2025-06-03 15:09:20
2025-06-03 15:10:21,051 Start cycle: 2025-06-03 15:10:21
[video_crawler STDOUT] 
2025-06-03 15:10:21,193 video_crawler ERROR: Traceback (most recent call last):
  File "C:\Users\irosa\Desktop\新しいフォルダー (3)\Chameleon\internal\audio\video_crawler.py", line 2, in <module>
    import yt_dlp
ModuleNotFoundError: No module named 'yt_dlp'

[diffusion_infer STDOUT] 
2025-06-03 15:10:21,360 diffusion_infer ERROR: 
Cycle finished: 2025-06-03 15:10:21
2025-06-03 15:11:21,376 Start cycle: 2025-06-03 15:11:21
[video_crawler STDOUT] 
2025-06-03 15:11:21,530 video_crawler ERROR: Traceback (most recent call last):
  File "C:\Users\irosa\Desktop\新しいフォルダー (3)\Chameleon\internal\audio\video_crawler.py", line 2, in <module>
    import yt_dlp
ModuleNotFoundError: No module named 'yt_dlp'

[diffusion_infer STDOUT] 
2025-06-03 15:11:21,727 diffusion_infer ERROR: 
Cycle finished: 2025-06-03 15:11:21
2025-06-03 15:12:21,736 Start cycle: 2025-06-03 15:12:21
[video_crawler STDOUT] 
2025-06-03 15:12:21,872 video_crawler ERROR: Traceback (most recent call last):
  File "C:\Users\irosa\Desktop\新しいフォルダー (3)\Chameleon\internal\audio\video_crawler.py", line 2, in <module>
    import yt_dlp
ModuleNotFoundError: No module named 'yt_dlp'

[diffusion_infer STDOUT] 
2025-06-03 15:12:22,038 diffusion_infer ERROR: 
Cycle finished: 2025-06-03 15:12:21
2025-06-03 15:13:22,050 Start cycle: 2025-06-03 15:13:22
[video_crawler STDOUT] 
2025-06-03 15:13:22,188 video_crawler ERROR: Traceback (most recent call last):
  File "C:\Users\irosa\Desktop\新しいフォルダー (3)\Chameleon\internal\audio\video_crawler.py", line 2, in <module>
    import yt_dlp
ModuleNotFoundError: No module named 'yt_dlp'

[diffusion_infer STDOUT] 
2025-06-03 15:13:22,350 diffusion_infer ERROR: 
Cycle finished: 2025-06-03 15:13:22
2025-06-03 15:14:22,362 Start cycle: 2025-06-03 15:14:22
[video_crawler STDOUT] 
2025-06-03 15:14:22,534 video_crawler ERROR: Traceback (most recent call last):
  File "C:\Users\irosa\Desktop\新しいフォルダー (3)\Chameleon\internal\audio\video_crawler.py", line 2, in <module>
    import yt_dlp
ModuleNotFoundError: No module named 'yt_dlp'

[diffusion_infer STDOUT] 
2025-06-03 15:14:22,695 diffusion_infer ERROR: 
Cycle finished: 2025-06-03 15:14:22
2025-06-03 15:15:22,705 Start cycle: 2025-06-03 15:15:22
[video_crawler STDOUT] 
2025-06-03 15:15:22,860 video_crawler ERROR: Traceback (most recent call last):
  File "C:\Users\irosa\Desktop\新しいフォルダー (3)\Chameleon\internal\audio\video_crawler.py", line 2, in <module>
    import yt_dlp
ModuleNotFoundError: No module named 'yt_dlp'

[diffusion_infer STDOUT] 
2025-06-03 15:15:23,029 diffusion_infer ERROR: 
Cycle finished: 2025-06-03 15:15:22
2025-06-03 15:16:23,044 Start cycle: 2025-06-03 15:16:23
[video_crawler STDOUT] 
2025-06-03 15:16:23,199 video_crawler ERROR: Traceback (most recent call last):
  File "C:\Users\irosa\Desktop\新しいフォルダー (3)\Chameleon\internal\audio\video_crawler.py", line 2, in <module>
    import yt_dlp
ModuleNotFoundError: No module named 'yt_dlp'

[diffusion_infer STDOUT] 
2025-06-03 15:16:23,390 diffusion_infer ERROR: 
Cycle finished: 2025-06-03 15:16:23
2025-06-03 15:17:23,394 Start cycle: 2025-06-03 15:17:23
[video_crawler STDOUT] 
2025-06-03 15:17:23,541 video_crawler ERROR: Traceback (most recent call last):
  File "C:\Users\irosa\Desktop\新しいフォルダー (3)\Chameleon\internal\audio\video_crawler.py", line 2, in <module>
    import yt_dlp
ModuleNotFoundError: No module named 'yt_dlp'

[diffusion_infer STDOUT] 
2025-06-03 15:17:23,740 diffusion_infer ERROR: 
Cycle finished: 2025-06-03 15:17:23
2025-06-03 15:18:23,742 Start cycle: 2025-06-03 15:18:23
[video_crawler STDOUT] 
2025-06-03 15:18:23,902 video_crawler ERROR: Traceback (most recent call last):
  File "C:\Users\irosa\Desktop\新しいフォルダー (3)\Chameleon\internal\audio\video_crawler.py", line 2, in <module>
    import yt_dlp
ModuleNotFoundError: No module named 'yt_dlp'

[diffusion_infer STDOUT] 
2025-06-03 15:18:24,086 diffusion_infer ERROR: 
Cycle finished: 2025-06-03 15:18:23
2025-06-03 15:19:24,094 Start cycle: 2025-06-03 15:19:24
[video_crawler STDOUT] 
2025-06-03 15:19:24,198 video_crawler ERROR: Traceback (most recent call last):
  File "C:\Users\irosa\Desktop\新しいフォルダー (3)\Chameleon\internal\audio\video_crawler.py", line 2, in <module>
    import yt_dlp
ModuleNotFoundError: No module named 'yt_dlp'

[diffusion_infer STDOUT] 
2025-06-03 15:19:24,349 diffusion_infer ERROR: 
Cycle finished: 2025-06-03 15:19:24
2025-06-03 15:20:24,358 Start cycle: 2025-06-03 15:20:24
[video_crawler STDOUT] 
2025-06-03 15:20:24,508 video_crawler ERROR: Traceback (most recent call last):
  File "C:\Users\irosa\Desktop\新しいフォルダー (3)\Chameleon\internal\audio\video_crawler.py", line 2, in <module>
    import yt_dlp
ModuleNotFoundError: No module named 'yt_dlp'

[diffusion_infer STDOUT] 
2025-06-03 15:20:24,678 diffusion_infer ERROR: 
Cycle finished: 2025-06-03 15:20:24
2025-06-03 15:21:24,694 Start cycle: 2025-06-03 15:21:24
[video_crawler STDOUT] 
2025-06-03 15:21:24,840 video_crawler ERROR: Traceback (most recent call last):
  File "C:\Users\irosa\Desktop\新しいフォルダー (3)\Chameleon\internal\audio\video_crawler.py", line 2, in <module>
    import yt_dlp
ModuleNotFoundError: No module named 'yt_dlp'

[diffusion_infer STDOUT] 
2025-06-03 15:21:25,027 diffusion_infer ERROR: 
Cycle finished: 2025-06-03 15:21:24
2025-06-03 15:22:25,032 Start cycle: 2025-06-03 15:22:25
[video_crawler STDOUT] 
2025-06-03 15:22:25,155 video_crawler ERROR: Traceback (most recent call last):
  File "C:\Users\irosa\Desktop\新しいフォルダー (3)\Chameleon\internal\audio\video_crawler.py", line 2, in <module>
    import yt_dlp
ModuleNotFoundError: No module named 'yt_dlp'

[diffusion_infer STDOUT] 
2025-06-03 15:22:25,326 diffusion_infer ERROR: 
Cycle finished: 2025-06-03 15:22:25
2025-06-03 15:23:25,340 Start cycle: 2025-06-03 15:23:25
[video_crawler STDOUT] 
2025-06-03 15:23:25,477 video_crawler ERROR: Traceback (most recent call last):
  File "C:\Users\irosa\Desktop\新しいフォルダー (3)\Chameleon\internal\audio\video_crawler.py", line 2, in <module>
    import yt_dlp
ModuleNotFoundError: No module named 'yt_dlp'

[diffusion_infer STDOUT] 
2025-06-03 15:23:25,660 diffusion_infer ERROR: 
Cycle finished: 2025-06-03 15:23:25
2025-06-03 15:24:25,663 Start cycle: 2025-06-03 15:24:25
[video_crawler STDOUT] 
2025-06-03 15:24:25,813 video_crawler ERROR: Traceback (most recent call last):
  File "C:\Users\irosa\Desktop\新しいフォルダー (3)\Chameleon\internal\audio\video_crawler.py", line 2, in <module>
    import yt_dlp
ModuleNotFoundError: No module named 'yt_dlp'

[diffusion_infer STDOUT] 
2025-06-03 15:24:26,001 diffusion_infer ERROR: 
Cycle finished: 2025-06-03 15:24:25
2025-06-03 15:25:26,005 Start cycle: 2025-06-03 15:25:26
[video_crawler STDOUT] 
2025-06-03 15:25:26,114 video_crawler ERROR: Traceback (most recent call last):
  File "C:\Users\irosa\Desktop\新しいフォルダー (3)\Chameleon\internal\audio\video_crawler.py", line 2, in <module>
    import yt_dlp
ModuleNotFoundError: No module named 'yt_dlp'

[diffusion_infer STDOUT] 
2025-06-03 15:25:26,302 diffusion_infer ERROR: 
Cycle finished: 2025-06-03 15:25:26
2025-06-03 15:26:26,312 Start cycle: 2025-06-03 15:26:26
[video_crawler STDOUT] 
2025-06-03 15:26:26,464 video_crawler ERROR: Traceback (most recent call last):
  File "C:\Users\irosa\Desktop\新しいフォルダー (3)\Chameleon\internal\audio\video_crawler.py", line 2, in <module>
    import yt_dlp
ModuleNotFoundError: No module named 'yt_dlp'

[diffusion_infer STDOUT] 
2025-06-03 15:26:26,645 diffusion_infer ERROR: 
Cycle finished: 2025-06-03 15:26:26
2025-06-03 15:27:01,453 Start cycle: 2025-06-03 15:27:01
2025-06-03 15:27:01,578 video_crawler ERROR: Traceback (most recent call last):
  File "C:\Users\irosa\Desktop\新しいフォルダー (3)\Chameleon\internal\audio\video_crawler.py", line 2, in <module>
    import yt_dlp
ModuleNotFoundError: No module named 'yt_dlp'

2025-06-03 15:27:01,748 diffusion_infer ERROR: 
Cycle finished: 2025-06-03 15:27:01
2025-06-03 15:27:26,650 Start cycle: 2025-06-03 15:27:26
[video_crawler STDOUT] 
2025-06-03 15:27:26,814 video_crawler ERROR: Traceback (most recent call last):
  File "C:\Users\irosa\Desktop\新しいフォルダー (3)\Chameleon\internal\audio\video_crawler.py", line 2, in <module>
    import yt_dlp
ModuleNotFoundError: No module named 'yt_dlp'

[diffusion_infer STDOUT] 
2025-06-03 15:27:26,997 diffusion_infer ERROR: 
Cycle finished: 2025-06-03 15:27:26
2025-06-03 15:28:27,000 Start cycle: 2025-06-03 15:28:27
[video_crawler STDOUT] 
2025-06-03 15:28:27,154 video_crawler ERROR: Traceback (most recent call last):
  File "C:\Users\irosa\Desktop\新しいフォルダー (3)\Chameleon\internal\audio\video_crawler.py", line 2, in <module>
    import yt_dlp
ModuleNotFoundError: No module named 'yt_dlp'

[diffusion_infer STDOUT] 
2025-06-03 15:28:27,338 diffusion_infer ERROR: 
Cycle finished: 2025-06-03 15:28:27
2025-06-03 15:29:27,340 Start cycle: 2025-06-03 15:29:27
[video_crawler STDOUT] 
2025-06-03 15:29:27,494 video_crawler ERROR: Traceback (most recent call last):
  File "C:\Users\irosa\Desktop\新しいフォルダー (3)\Chameleon\internal\audio\video_crawler.py", line 2, in <module>
    import yt_dlp
ModuleNotFoundError: No module named 'yt_dlp'

[diffusion_infer STDOUT] 
2025-06-03 15:29:27,686 diffusion_infer ERROR: 
Cycle finished: 2025-06-03 15:29:27
2025-06-03 15:30:27,699 Start cycle: 2025-06-03 15:30:27
[video_crawler STDOUT] 
2025-06-03 15:30:27,848 video_crawler ERROR: Traceback (most recent call last):
  File "C:\Users\irosa\Desktop\新しいフォルダー (3)\Chameleon\internal\audio\video_crawler.py", line 2, in <module>
    import yt_dlp
ModuleNotFoundError: No module named 'yt_dlp'

[diffusion_infer STDOUT] 
2025-06-03 15:30:28,039 diffusion_infer ERROR: 
Cycle finished: 2025-06-03 15:30:27
2025-06-03 15:31:28,044 Start cycle: 2025-06-03 15:31:28
[video_crawler STDOUT] 
2025-06-03 15:31:28,217 video_crawler ERROR: Traceback (most recent call last):
  File "C:\Users\irosa\Desktop\新しいフォルダー (3)\Chameleon\internal\audio\video_crawler.py", line 2, in <module>
    import yt_dlp
ModuleNotFoundError: No module named 'yt_dlp'

[diffusion_infer STDOUT] 
2025-06-03 15:31:28,420 diffusion_infer ERROR: 
Cycle finished: 2025-06-03 15:31:28
2025-06-03 15:32:28,422 Start cycle: 2025-06-03 15:32:28
[video_crawler STDOUT] 
2025-06-03 15:32:28,540 video_crawler ERROR: Traceback (most recent call last):
  File "C:\Users\irosa\Desktop\新しいフォルダー (3)\Chameleon\internal\audio\video_crawler.py", line 2, in <module>
    import yt_dlp
ModuleNotFoundError: No module named 'yt_dlp'

[diffusion_infer STDOUT] 
2025-06-03 15:32:28,701 diffusion_infer ERROR: 
Cycle finished: 2025-06-03 15:32:28
2025-06-03 15:33:28,715 Start cycle: 2025-06-03 15:33:28
[video_crawler STDOUT] 
2025-06-03 15:33:28,884 video_crawler ERROR: Traceback (most recent call last):
  File "C:\Users\irosa\Desktop\新しいフォルダー (3)\Chameleon\internal\audio\video_crawler.py", line 2, in <module>
    import yt_dlp
ModuleNotFoundError: No module named 'yt_dlp'

[diffusion_infer STDOUT] 
2025-06-03 15:33:29,079 diffusion_infer ERROR: 
Cycle finished: 2025-06-03 15:33:28
2025-06-03 15:34:29,082 Start cycle: 2025-06-03 15:34:29
[video_crawler STDOUT] 
2025-06-03 15:34:29,247 video_crawler ERROR: Traceback (most recent call last):
  File "C:\Users\irosa\Desktop\新しいフォルダー (3)\Chameleon\internal\audio\video_crawler.py", line 2, in <module>
    import yt_dlp
ModuleNotFoundError: No module named 'yt_dlp'

[diffusion_infer STDOUT] 
2025-06-03 15:34:29,451 diffusion_infer ERROR: 
Cycle finished: 2025-06-03 15:34:29
2025-06-03 15:35:29,453 Start cycle: 2025-06-03 15:35:29
[video_crawler STDOUT] 
2025-06-03 15:35:29,565 video_crawler ERROR: Traceback (most recent call last):
  File "C:\Users\irosa\Desktop\新しいフォルダー (3)\Chameleon\internal\audio\video_crawler.py", line 2, in <module>
    import yt_dlp
ModuleNotFoundError: No module named 'yt_dlp'

[diffusion_infer STDOUT] 
2025-06-03 15:35:29,732 diffusion_infer ERROR: 
Cycle finished: 2025-06-03 15:35:29
2025-06-03 15:36:29,735 Start cycle: 2025-06-03 15:36:29
[video_crawler STDOUT] 
2025-06-03 15:36:29,872 video_crawler ERROR: Traceback (most recent call last):
  File "C:\Users\irosa\Desktop\新しいフォルダー (3)\Chameleon\internal\audio\video_crawler.py", line 2, in <module>
    import yt_dlp
ModuleNotFoundError: No module named 'yt_dlp'

[diffusion_infer STDOUT] 
2025-06-03 15:36:30,038 diffusion_infer ERROR: 
Cycle finished: 2025-06-03 15:36:29
2025-06-03 15:37:30,040 Start cycle: 2025-06-03 15:37:30
[video_crawler STDOUT] 
2025-06-03 15:37:30,180 video_crawler ERROR: Traceback (most recent call last):
  File "C:\Users\irosa\Desktop\新しいフォルダー (3)\Chameleon\internal\audio\video_crawler.py", line 2, in <module>
    import yt_dlp
ModuleNotFoundError: No module named 'yt_dlp'

[diffusion_infer STDOUT] 
2025-06-03 15:37:30,350 diffusion_infer ERROR: 
Cycle finished: 2025-06-03 15:37:30
2025-06-03 15:38:30,352 Start cycle: 2025-06-03 15:38:30
[video_crawler STDOUT] 
2025-06-03 15:38:30,480 video_crawler ERROR: Traceback (most recent call last):
  File "C:\Users\irosa\Desktop\新しいフォルダー (3)\Chameleon\internal\audio\video_crawler.py", line 2, in <module>
    import yt_dlp
ModuleNotFoundError: No module named 'yt_dlp'

[diffusion_infer STDOUT] 
2025-06-03 15:38:30,649 diffusion_infer ERROR: 
Cycle finished: 2025-06-03 15:38:30
2025-06-03 15:39:30,653 Start cycle: 2025-06-03 15:39:30
[video_crawler STDOUT] 
2025-06-03 15:39:30,795 video_crawler ERROR: Traceback (most recent call last):
  File "C:\Users\irosa\Desktop\新しいフォルダー (3)\Chameleon\internal\audio\video_crawler.py", line 2, in <module>
    import yt_dlp
ModuleNotFoundError: No module named 'yt_dlp'

[diffusion_infer STDOUT] 
2025-06-03 15:39:30,938 diffusion_infer ERROR: 
Cycle finished: 2025-06-03 15:39:30
2025-06-03 15:40:30,946 Start cycle: 2025-06-03 15:40:30
[video_crawler STDOUT] 
2025-06-03 15:40:31,060 video_crawler ERROR: Traceback (most recent call last):
  File "C:\Users\irosa\Desktop\新しいフォルダー (3)\Chameleon\internal\audio\video_crawler.py", line 2, in <module>
    import yt_dlp
ModuleNotFoundError: No module named 'yt_dlp'

[diffusion_infer STDOUT] 
2025-06-03 15:40:31,226 diffusion_infer ERROR: 
Cycle finished: 2025-06-03 15:40:30
2025-06-03 15:41:31,232 Start cycle: 2025-06-03 15:41:31
[video_crawler STDOUT] 
2025-06-03 15:41:31,359 video_crawler ERROR: Traceback (most recent call last):
  File "C:\Users\irosa\Desktop\新しいフォルダー (3)\Chameleon\internal\audio\video_crawler.py", line 2, in <module>
    import yt_dlp
ModuleNotFoundError: No module named 'yt_dlp'

[diffusion_infer STDOUT] 
2025-06-03 15:41:31,519 diffusion_infer ERROR: 
Cycle finished: 2025-06-03 15:41:31
2025-06-03 15:42:31,530 Start cycle: 2025-06-03 15:42:31
[video_crawler STDOUT] 
2025-06-03 15:42:31,647 video_crawler ERROR: Traceback (most recent call last):
  File "C:\Users\irosa\Desktop\新しいフォルダー (3)\Chameleon\internal\audio\video_crawler.py", line 2, in <module>
    import yt_dlp
ModuleNotFoundError: No module named 'yt_dlp'

[diffusion_infer STDOUT] 
2025-06-03 15:42:31,804 diffusion_infer ERROR: 
Cycle finished: 2025-06-03 15:42:31
2025-06-03 15:43:31,819 Start cycle: 2025-06-03 15:43:31
[video_crawler STDOUT] 
2025-06-03 15:43:31,932 video_crawler ERROR: Traceback (most recent call last):
  File "C:\Users\irosa\Desktop\新しいフォルダー (3)\Chameleon\internal\audio\video_crawler.py", line 2, in <module>
    import yt_dlp
ModuleNotFoundError: No module named 'yt_dlp'

[diffusion_infer STDOUT] 
2025-06-03 15:43:32,089 diffusion_infer ERROR: 
Cycle finished: 2025-06-03 15:43:31
2025-06-03 15:44:32,091 Start cycle: 2025-06-03 15:44:32
[video_crawler STDOUT] 
2025-06-03 15:44:32,214 video_crawler ERROR: Traceback (most recent call last):
  File "C:\Users\irosa\Desktop\新しいフォルダー (3)\Chameleon\internal\audio\video_crawler.py", line 2, in <module>
    import yt_dlp
ModuleNotFoundError: No module named 'yt_dlp'

[diffusion_infer STDOUT] 
2025-06-03 15:44:32,360 diffusion_infer ERROR: 
Cycle finished: 2025-06-03 15:44:32
2025-06-03 15:45:32,375 Start cycle: 2025-06-03 15:45:32
[video_crawler STDOUT] 
2025-06-03 15:45:32,504 video_crawler ERROR: Traceback (most recent call last):
  File "C:\Users\irosa\Desktop\新しいフォルダー (3)\Chameleon\internal\audio\video_crawler.py", line 2, in <module>
    import yt_dlp
ModuleNotFoundError: No module named 'yt_dlp'

[diffusion_infer STDOUT] 
2025-06-03 15:45:32,661 diffusion_infer ERROR: 
Cycle finished: 2025-06-03 15:45:32
2025-06-03 15:46:32,675 Start cycle: 2025-06-03 15:46:32
[video_crawler STDOUT] 
2025-06-03 15:46:32,791 video_crawler ERROR: Traceback (most recent call last):
  File "C:\Users\irosa\Desktop\新しいフォルダー (3)\Chameleon\internal\audio\video_crawler.py", line 2, in <module>
    import yt_dlp
ModuleNotFoundError: No module named 'yt_dlp'

[diffusion_infer STDOUT] 
2025-06-03 15:46:32,925 diffusion_infer ERROR: 
Cycle finished: 2025-06-03 15:46:32
2025-06-03 15:47:32,940 Start cycle: 2025-06-03 15:47:32
[video_crawler STDOUT] 
2025-06-03 15:47:33,087 video_crawler ERROR: Traceback (most recent call last):
  File "C:\Users\irosa\Desktop\新しいフォルダー (3)\Chameleon\internal\audio\video_crawler.py", line 2, in <module>
    import yt_dlp
ModuleNotFoundError: No module named 'yt_dlp'

[diffusion_infer STDOUT] 
2025-06-03 15:47:33,263 diffusion_infer ERROR: 
Cycle finished: 2025-06-03 15:47:32
2025-06-03 15:48:33,265 Start cycle: 2025-06-03 15:48:33
[video_crawler STDOUT] 
2025-06-03 15:48:33,407 video_crawler ERROR: Traceback (most recent call last):
  File "C:\Users\irosa\Desktop\新しいフォルダー (3)\Chameleon\internal\audio\video_crawler.py", line 2, in <module>
    import yt_dlp
ModuleNotFoundError: No module named 'yt_dlp'

[diffusion_infer STDOUT] 
2025-06-03 15:48:33,618 diffusion_infer ERROR: 
Cycle finished: 2025-06-03 15:48:33
2025-06-03 15:49:33,632 Start cycle: 2025-06-03 15:49:33
[video_crawler STDOUT] 
2025-06-03 15:49:33,771 video_crawler ERROR: Traceback (most recent call last):
  File "C:\Users\irosa\Desktop\新しいフォルダー (3)\Chameleon\internal\audio\video_crawler.py", line 2, in <module>
    import yt_dlp
ModuleNotFoundError: No module named 'yt_dlp'

[diffusion_infer STDOUT] 
2025-06-03 15:49:33,927 diffusion_infer ERROR: 
Cycle finished: 2025-06-03 15:49:33
2025-06-03 15:50:33,928 Start cycle: 2025-06-03 15:50:33
[video_crawler STDOUT] 
2025-06-03 15:50:34,063 video_crawler ERROR: Traceback (most recent call last):
  File "C:\Users\irosa\Desktop\新しいフォルダー (3)\Chameleon\internal\audio\video_crawler.py", line 2, in <module>
    import yt_dlp
ModuleNotFoundError: No module named 'yt_dlp'

[diffusion_infer STDOUT] 
2025-06-03 15:50:34,234 diffusion_infer ERROR: 
Cycle finished: 2025-06-03 15:50:33
2025-06-03 15:51:34,245 Start cycle: 2025-06-03 15:51:34
[video_crawler STDOUT] 
2025-06-03 15:51:34,365 video_crawler ERROR: Traceback (most recent call last):
  File "C:\Users\irosa\Desktop\新しいフォルダー (3)\Chameleon\internal\audio\video_crawler.py", line 2, in <module>
    import yt_dlp
ModuleNotFoundError: No module named 'yt_dlp'

[diffusion_infer STDOUT] 
2025-06-03 15:51:34,520 diffusion_infer ERROR: 
Cycle finished: 2025-06-03 15:51:34
2025-06-03 15:52:34,523 Start cycle: 2025-06-03 15:52:34
[video_crawler STDOUT] 
2025-06-03 15:52:34,661 video_crawler ERROR: Traceback (most recent call last):
  File "C:\Users\irosa\Desktop\新しいフォルダー (3)\Chameleon\internal\audio\video_crawler.py", line 2, in <module>
    import yt_dlp
ModuleNotFoundError: No module named 'yt_dlp'

[diffusion_infer STDOUT] 
2025-06-03 15:52:34,844 diffusion_infer ERROR: 
Cycle finished: 2025-06-03 15:52:34
2025-06-03 15:53:34,847 Start cycle: 2025-06-03 15:53:34
[video_crawler STDOUT] 
2025-06-03 15:53:34,982 video_crawler ERROR: Traceback (most recent call last):
  File "C:\Users\irosa\Desktop\新しいフォルダー (3)\Chameleon\internal\audio\video_crawler.py", line 2, in <module>
    import yt_dlp
ModuleNotFoundError: No module named 'yt_dlp'

[diffusion_infer STDOUT] 
2025-06-03 15:53:35,170 diffusion_infer ERROR: 
Cycle finished: 2025-06-03 15:53:34
2025-06-03 15:54:35,173 Start cycle: 2025-06-03 15:54:35
[video_crawler STDOUT] 
2025-06-03 15:54:35,310 video_crawler ERROR: Traceback (most recent call last):
  File "C:\Users\irosa\Desktop\新しいフォルダー (3)\Chameleon\internal\audio\video_crawler.py", line 2, in <module>
    import yt_dlp
ModuleNotFoundError: No module named 'yt_dlp'

[diffusion_infer STDOUT] 
2025-06-03 15:54:35,479 diffusion_infer ERROR: 
Cycle finished: 2025-06-03 15:54:35
2025-06-03 15:55:35,484 Start cycle: 2025-06-03 15:55:35
[video_crawler STDOUT] 
2025-06-03 15:55:35,629 video_crawler ERROR: Traceback (most recent call last):
  File "C:\Users\irosa\Desktop\新しいフォルダー (3)\Chameleon\internal\audio\video_crawler.py", line 2, in <module>
    import yt_dlp
ModuleNotFoundError: No module named 'yt_dlp'

[diffusion_infer STDOUT] 
2025-06-03 15:55:35,793 diffusion_infer ERROR: 
Cycle finished: 2025-06-03 15:55:35
2025-06-03 15:56:35,806 Start cycle: 2025-06-03 15:56:35
[video_crawler STDOUT] 
2025-06-03 15:56:35,927 video_crawler ERROR: Traceback (most recent call last):
  File "C:\Users\irosa\Desktop\新しいフォルダー (3)\Chameleon\internal\audio\video_crawler.py", line 2, in <module>
    import yt_dlp
ModuleNotFoundError: No module named 'yt_dlp'

[diffusion_infer STDOUT] 
2025-06-03 15:56:36,084 diffusion_infer ERROR: 
Cycle finished: 2025-06-03 15:56:35
2025-06-03 15:57:36,099 Start cycle: 2025-06-03 15:57:36
[video_crawler STDOUT] 
2025-06-03 15:57:36,213 video_crawler ERROR: Traceback (most recent call last):
  File "C:\Users\irosa\Desktop\新しいフォルダー (3)\Chameleon\internal\audio\video_crawler.py", line 2, in <module>
    import yt_dlp
ModuleNotFoundError: No module named 'yt_dlp'

[diffusion_infer STDOUT] 
2025-06-03 15:57:36,380 diffusion_infer ERROR: 
Cycle finished: 2025-06-03 15:57:36
2025-06-03 15:58:36,388 Start cycle: 2025-06-03 15:58:36
[video_crawler STDOUT] 
2025-06-03 15:58:36,521 video_crawler ERROR: Traceback (most recent call last):
  File "C:\Users\irosa\Desktop\新しいフォルダー (3)\Chameleon\internal\audio\video_crawler.py", line 2, in <module>
    import yt_dlp
ModuleNotFoundError: No module named 'yt_dlp'

[diffusion_infer STDOUT] 
2025-06-03 15:58:36,665 diffusion_infer ERROR: 
Cycle finished: 2025-06-03 15:58:36
2025-06-03 15:59:36,666 Start cycle: 2025-06-03 15:59:36
[video_crawler STDOUT] 
2025-06-03 15:59:36,852 video_crawler ERROR: Traceback (most recent call last):
  File "C:\Users\irosa\Desktop\新しいフォルダー (3)\Chameleon\internal\audio\video_crawler.py", line 2, in <module>
    import yt_dlp
ModuleNotFoundError: No module named 'yt_dlp'

[diffusion_infer STDOUT] 
2025-06-03 15:59:37,029 diffusion_infer ERROR: 
Cycle finished: 2025-06-03 15:59:36
2025-06-03 16:00:37,038 Start cycle: 2025-06-03 16:00:37
[video_crawler STDOUT] 
2025-06-03 16:00:37,237 video_crawler ERROR: Traceback (most recent call last):
  File "C:\Users\irosa\Desktop\新しいフォルダー (3)\Chameleon\internal\audio\video_crawler.py", line 2, in <module>
    import yt_dlp
ModuleNotFoundError: No module named 'yt_dlp'

[diffusion_infer STDOUT] 
2025-06-03 16:00:37,446 diffusion_infer ERROR: 
Cycle finished: 2025-06-03 16:00:37
2025-06-03 16:01:37,454 Start cycle: 2025-06-03 16:01:37
[video_crawler STDOUT] 
2025-06-03 16:01:37,682 video_crawler ERROR: Traceback (most recent call last):
  File "C:\Users\irosa\Desktop\新しいフォルダー (3)\Chameleon\internal\audio\video_crawler.py", line 2, in <module>
    import yt_dlp
ModuleNotFoundError: No module named 'yt_dlp'

[diffusion_infer STDOUT] 
2025-06-03 16:01:37,892 diffusion_infer ERROR: 
Cycle finished: 2025-06-03 16:01:37
2025-06-03 16:02:37,898 Start cycle: 2025-06-03 16:02:37
[video_crawler STDOUT] 
2025-06-03 16:02:38,031 video_crawler ERROR: Traceback (most recent call last):
  File "C:\Users\irosa\Desktop\新しいフォルダー (3)\Chameleon\internal\audio\video_crawler.py", line 2, in <module>
    import yt_dlp
ModuleNotFoundError: No module named 'yt_dlp'

[diffusion_infer STDOUT] 
2025-06-03 16:02:38,191 diffusion_infer ERROR: 
Cycle finished: 2025-06-03 16:02:37
2025-06-03 16:03:38,192 Start cycle: 2025-06-03 16:03:38
[video_crawler STDOUT] 
2025-06-03 16:03:38,331 video_crawler ERROR: Traceback (most recent call last):
  File "C:\Users\irosa\Desktop\新しいフォルダー (3)\Chameleon\internal\audio\video_crawler.py", line 2, in <module>
    import yt_dlp
ModuleNotFoundError: No module named 'yt_dlp'

[diffusion_infer STDOUT] 
2025-06-03 16:03:38,519 diffusion_infer ERROR: 
Cycle finished: 2025-06-03 16:03:38
2025-06-03 16:04:38,535 Start cycle: 2025-06-03 16:04:38
[video_crawler STDOUT] 
2025-06-03 16:04:38,659 video_crawler ERROR: Traceback (most recent call last):
  File "C:\Users\irosa\Desktop\新しいフォルダー (3)\Chameleon\internal\audio\video_crawler.py", line 2, in <module>
    import yt_dlp
ModuleNotFoundError: No module named 'yt_dlp'

[diffusion_infer STDOUT] 
2025-06-03 16:04:38,831 diffusion_infer ERROR: 
Cycle finished: 2025-06-03 16:04:38
2025-06-03 16:05:38,838 Start cycle: 2025-06-03 16:05:38
[video_crawler STDOUT] 
2025-06-03 16:05:38,981 video_crawler ERROR: Traceback (most recent call last):
  File "C:\Users\irosa\Desktop\新しいフォルダー (3)\Chameleon\internal\audio\video_crawler.py", line 2, in <module>
    import yt_dlp
ModuleNotFoundError: No module named 'yt_dlp'

[diffusion_infer STDOUT] 
2025-06-03 16:05:39,159 diffusion_infer ERROR: 
Cycle finished: 2025-06-03 16:05:38
2025-06-03 16:06:39,165 Start cycle: 2025-06-03 16:06:39
[video_crawler STDOUT] 
2025-06-03 16:06:39,327 video_crawler ERROR: Traceback (most recent call last):
  File "C:\Users\irosa\Desktop\新しいフォルダー (3)\Chameleon\internal\audio\video_crawler.py", line 2, in <module>
    import yt_dlp
ModuleNotFoundError: No module named 'yt_dlp'

[diffusion_infer STDOUT] 
2025-06-03 16:06:39,496 diffusion_infer ERROR: 
Cycle finished: 2025-06-03 16:06:39
2025-06-03 16:07:39,509 Start cycle: 2025-06-03 16:07:39
[video_crawler STDOUT] 
2025-06-03 16:07:39,646 video_crawler ERROR: Traceback (most recent call last):
  File "C:\Users\irosa\Desktop\新しいフォルダー (3)\Chameleon\internal\audio\video_crawler.py", line 2, in <module>
    import yt_dlp
ModuleNotFoundError: No module named 'yt_dlp'

[diffusion_infer STDOUT] 
2025-06-03 16:07:39,860 diffusion_infer ERROR: 
Cycle finished: 2025-06-03 16:07:39
2025-06-03 16:08:39,877 Start cycle: 2025-06-03 16:08:39
[video_crawler STDOUT] 
2025-06-03 16:08:39,997 video_crawler ERROR: Traceback (most recent call last):
  File "C:\Users\irosa\Desktop\新しいフォルダー (3)\Chameleon\internal\audio\video_crawler.py", line 2, in <module>
    import yt_dlp
ModuleNotFoundError: No module named 'yt_dlp'

[diffusion_infer STDOUT] 
2025-06-03 16:08:40,165 diffusion_infer ERROR: 
Cycle finished: 2025-06-03 16:08:39
2025-06-03 16:09:40,177 Start cycle: 2025-06-03 16:09:40
[video_crawler STDOUT] 
2025-06-03 16:09:40,316 video_crawler ERROR: Traceback (most recent call last):
  File "C:\Users\irosa\Desktop\新しいフォルダー (3)\Chameleon\internal\audio\video_crawler.py", line 2, in <module>
    import yt_dlp
ModuleNotFoundError: No module named 'yt_dlp'

[diffusion_infer STDOUT] 
2025-06-03 16:09:40,486 diffusion_infer ERROR: 
Cycle finished: 2025-06-03 16:09:40
2025-06-03 16:10:40,501 Start cycle: 2025-06-03 16:10:40
[video_crawler STDOUT] 
2025-06-03 16:10:40,659 video_crawler ERROR: Traceback (most recent call last):
  File "C:\Users\irosa\Desktop\新しいフォルダー (3)\Chameleon\internal\audio\video_crawler.py", line 2, in <module>
    import yt_dlp
ModuleNotFoundError: No module named 'yt_dlp'

[diffusion_infer STDOUT] 
2025-06-03 16:10:40,860 diffusion_infer ERROR: 
Cycle finished: 2025-06-03 16:10:40
2025-06-03 16:11:40,868 Start cycle: 2025-06-03 16:11:40
[video_crawler STDOUT] 
2025-06-03 16:11:41,019 video_crawler ERROR: Traceback (most recent call last):
  File "C:\Users\irosa\Desktop\新しいフォルダー (3)\Chameleon\internal\audio\video_crawler.py", line 2, in <module>
    import yt_dlp
ModuleNotFoundError: No module named 'yt_dlp'

[diffusion_infer STDOUT] 
2025-06-03 16:11:41,202 diffusion_infer ERROR: 
Cycle finished: 2025-06-03 16:11:40
2025-06-03 16:12:41,205 Start cycle: 2025-06-03 16:12:41
[video_crawler STDOUT] 
2025-06-03 16:12:41,324 video_crawler ERROR: Traceback (most recent call last):
  File "C:\Users\irosa\Desktop\新しいフォルダー (3)\Chameleon\internal\audio\video_crawler.py", line 2, in <module>
    import yt_dlp
ModuleNotFoundError: No module named 'yt_dlp'

[diffusion_infer STDOUT] 
2025-06-03 16:12:41,506 diffusion_infer ERROR: 
Cycle finished: 2025-06-03 16:12:41
2025-06-03 16:13:41,522 Start cycle: 2025-06-03 16:13:41
[video_crawler STDOUT] 
2025-06-03 16:13:41,685 video_crawler ERROR: Traceback (most recent call last):
  File "C:\Users\irosa\Desktop\新しいフォルダー (3)\Chameleon\internal\audio\video_crawler.py", line 2, in <module>
    import yt_dlp
ModuleNotFoundError: No module named 'yt_dlp'

[diffusion_infer STDOUT] 
2025-06-03 16:13:41,879 diffusion_infer ERROR: 
Cycle finished: 2025-06-03 16:13:41
2025-06-03 16:14:41,887 Start cycle: 2025-06-03 16:14:41
[video_crawler STDOUT] 
2025-06-03 16:14:42,060 video_crawler ERROR: Traceback (most recent call last):
  File "C:\Users\irosa\Desktop\新しいフォルダー (3)\Chameleon\internal\audio\video_crawler.py", line 2, in <module>
    import yt_dlp
ModuleNotFoundError: No module named 'yt_dlp'

[diffusion_infer STDOUT] 
2025-06-03 16:14:42,243 diffusion_infer ERROR: 
Cycle finished: 2025-06-03 16:14:41
2025-06-03 16:15:42,252 Start cycle: 2025-06-03 16:15:42
[video_crawler STDOUT] 
2025-06-03 16:15:42,373 video_crawler ERROR: Traceback (most recent call last):
  File "C:\Users\irosa\Desktop\新しいフォルダー (3)\Chameleon\internal\audio\video_crawler.py", line 2, in <module>
    import yt_dlp
ModuleNotFoundError: No module named 'yt_dlp'

[diffusion_infer STDOUT] 
2025-06-03 16:15:42,568 diffusion_infer ERROR: 
Cycle finished: 2025-06-03 16:15:42
2025-06-03 16:16:42,583 Start cycle: 2025-06-03 16:16:42
[video_crawler STDOUT] 
2025-06-03 16:16:42,715 video_crawler ERROR: Traceback (most recent call last):
  File "C:\Users\irosa\Desktop\新しいフォルダー (3)\Chameleon\internal\audio\video_crawler.py", line 2, in <module>
    import yt_dlp
ModuleNotFoundError: No module named 'yt_dlp'

[diffusion_infer STDOUT] 
2025-06-03 16:16:42,913 diffusion_infer ERROR: 
Cycle finished: 2025-06-03 16:16:42
2025-06-03 16:17:42,923 Start cycle: 2025-06-03 16:17:42
[video_crawler STDOUT] 
2025-06-03 16:17:43,059 video_crawler ERROR: Traceback (most recent call last):
  File "C:\Users\irosa\Desktop\新しいフォルダー (3)\Chameleon\internal\audio\video_crawler.py", line 2, in <module>
    import yt_dlp
ModuleNotFoundError: No module named 'yt_dlp'

[diffusion_infer STDOUT] 
2025-06-03 16:17:43,207 diffusion_infer ERROR: 
Cycle finished: 2025-06-03 16:17:42
2025-06-03 16:18:43,221 Start cycle: 2025-06-03 16:18:43
[video_crawler STDOUT] 
2025-06-03 16:18:43,356 video_crawler ERROR: Traceback (most recent call last):
  File "C:\Users\irosa\Desktop\新しいフォルダー (3)\Chameleon\internal\audio\video_crawler.py", line 2, in <module>
    import yt_dlp
ModuleNotFoundError: No module named 'yt_dlp'

[diffusion_infer STDOUT] 
2025-06-03 16:18:43,526 diffusion_infer ERROR: 
Cycle finished: 2025-06-03 16:18:43
2025-06-03 16:19:43,533 Start cycle: 2025-06-03 16:19:43
[video_crawler STDOUT] 
2025-06-03 16:19:43,705 video_crawler ERROR: Traceback (most recent call last):
  File "C:\Users\irosa\Desktop\新しいフォルダー (3)\Chameleon\internal\audio\video_crawler.py", line 2, in <module>
    import yt_dlp
ModuleNotFoundError: No module named 'yt_dlp'

[diffusion_infer STDOUT] 
2025-06-03 16:19:43,941 diffusion_infer ERROR: 
Cycle finished: 2025-06-03 16:19:43
2025-06-03 16:20:43,950 Start cycle: 2025-06-03 16:20:43
[video_crawler STDOUT] 
2025-06-03 16:20:44,102 video_crawler ERROR: Traceback (most recent call last):
  File "C:\Users\irosa\Desktop\新しいフォルダー (3)\Chameleon\internal\audio\video_crawler.py", line 2, in <module>
    import yt_dlp
ModuleNotFoundError: No module named 'yt_dlp'

[diffusion_infer STDOUT] 
2025-06-03 16:20:44,295 diffusion_infer ERROR: 
Cycle finished: 2025-06-03 16:20:43
2025-06-03 16:21:44,305 Start cycle: 2025-06-03 16:21:44
[video_crawler STDOUT] 
2025-06-03 16:21:44,432 video_crawler ERROR: Traceback (most recent call last):
  File "C:\Users\irosa\Desktop\新しいフォルダー (3)\Chameleon\internal\audio\video_crawler.py", line 2, in <module>
    import yt_dlp
ModuleNotFoundError: No module named 'yt_dlp'

[diffusion_infer STDOUT] 
2025-06-03 16:21:44,617 diffusion_infer ERROR: 
Cycle finished: 2025-06-03 16:21:44
2025-06-03 16:22:44,631 Start cycle: 2025-06-03 16:22:44
[video_crawler STDOUT] 
2025-06-03 16:22:44,785 video_crawler ERROR: Traceback (most recent call last):
  File "C:\Users\irosa\Desktop\新しいフォルダー (3)\Chameleon\internal\audio\video_crawler.py", line 2, in <module>
    import yt_dlp
ModuleNotFoundError: No module named 'yt_dlp'

[diffusion_infer STDOUT] 
2025-06-03 16:22:44,968 diffusion_infer ERROR: 
Cycle finished: 2025-06-03 16:22:44
2025-06-03 16:23:44,975 Start cycle: 2025-06-03 16:23:44
[video_crawler STDOUT] 
2025-06-03 16:23:45,112 video_crawler ERROR: Traceback (most recent call last):
  File "C:\Users\irosa\Desktop\新しいフォルダー (3)\Chameleon\internal\audio\video_crawler.py", line 2, in <module>
    import yt_dlp
ModuleNotFoundError: No module named 'yt_dlp'

[diffusion_infer STDOUT] 
2025-06-03 16:23:45,293 diffusion_infer ERROR: 
Cycle finished: 2025-06-03 16:23:44
2025-06-03 16:24:45,308 Start cycle: 2025-06-03 16:24:45
[video_crawler STDOUT] 
2025-06-03 16:24:45,430 video_crawler ERROR: Traceback (most recent call last):
  File "C:\Users\irosa\Desktop\新しいフォルダー (3)\Chameleon\internal\audio\video_crawler.py", line 2, in <module>
    import yt_dlp
ModuleNotFoundError: No module named 'yt_dlp'

[diffusion_infer STDOUT] 
2025-06-03 16:24:45,631 diffusion_infer ERROR: 
Cycle finished: 2025-06-03 16:24:45
2025-06-03 16:25:45,637 Start cycle: 2025-06-03 16:25:45
[video_crawler STDOUT] 
2025-06-03 16:25:45,772 video_crawler ERROR: Traceback (most recent call last):
  File "C:\Users\irosa\Desktop\新しいフォルダー (3)\Chameleon\internal\audio\video_crawler.py", line 2, in <module>
    import yt_dlp
ModuleNotFoundError: No module named 'yt_dlp'

[diffusion_infer STDOUT] 
2025-06-03 16:25:45,980 diffusion_infer ERROR: 
Cycle finished: 2025-06-03 16:25:45
2025-06-03 16:26:45,988 Start cycle: 2025-06-03 16:26:45
[video_crawler STDOUT] 
2025-06-03 16:26:46,115 video_crawler ERROR: Traceback (most recent call last):
  File "C:\Users\irosa\Desktop\新しいフォルダー (3)\Chameleon\internal\audio\video_crawler.py", line 2, in <module>
    import yt_dlp
ModuleNotFoundError: No module named 'yt_dlp'

[diffusion_infer STDOUT] 
2025-06-03 16:26:46,293 diffusion_infer ERROR: 
Cycle finished: 2025-06-03 16:26:45
2025-06-03 16:27:01,761 Start cycle: 2025-06-03 16:27:01
2025-06-03 16:27:01,979 video_crawler ERROR: Traceback (most recent call last):
  File "C:\Users\irosa\Desktop\新しいフォルダー (3)\Chameleon\internal\audio\video_crawler.py", line 2, in <module>
    import yt_dlp
ModuleNotFoundError: No module named 'yt_dlp'

2025-06-03 16:27:02,229 diffusion_infer ERROR: 
Cycle finished: 2025-06-03 16:27:01
2025-06-03 16:27:46,304 Start cycle: 2025-06-03 16:27:46
[video_crawler STDOUT] 
2025-06-03 16:27:46,449 video_crawler ERROR: Traceback (most recent call last):
  File "C:\Users\irosa\Desktop\新しいフォルダー (3)\Chameleon\internal\audio\video_crawler.py", line 2, in <module>
    import yt_dlp
ModuleNotFoundError: No module named 'yt_dlp'

[diffusion_infer STDOUT] 
2025-06-03 16:27:46,620 diffusion_infer ERROR: 
Cycle finished: 2025-06-03 16:27:46
2025-06-03 16:28:46,632 Start cycle: 2025-06-03 16:28:46
[video_crawler STDOUT] 
2025-06-03 16:28:46,792 video_crawler ERROR: Traceback (most recent call last):
  File "C:\Users\irosa\Desktop\新しいフォルダー (3)\Chameleon\internal\audio\video_crawler.py", line 2, in <module>
    import yt_dlp
ModuleNotFoundError: No module named 'yt_dlp'

[diffusion_infer STDOUT] 
2025-06-03 16:28:46,978 diffusion_infer ERROR: 
Cycle finished: 2025-06-03 16:28:46
2025-06-03 16:29:46,987 Start cycle: 2025-06-03 16:29:46
[video_crawler STDOUT] 
2025-06-03 16:29:47,121 video_crawler ERROR: Traceback (most recent call last):
  File "C:\Users\irosa\Desktop\新しいフォルダー (3)\Chameleon\internal\audio\video_crawler.py", line 2, in <module>
    import yt_dlp
ModuleNotFoundError: No module named 'yt_dlp'

[diffusion_infer STDOUT] 
2025-06-03 16:29:47,288 diffusion_infer ERROR: 
Cycle finished: 2025-06-03 16:29:46
2025-06-03 16:30:47,300 Start cycle: 2025-06-03 16:30:47
[video_crawler STDOUT] 
2025-06-03 16:30:47,424 video_crawler ERROR: Traceback (most recent call last):
  File "C:\Users\irosa\Desktop\新しいフォルダー (3)\Chameleon\internal\audio\video_crawler.py", line 2, in <module>
    import yt_dlp
ModuleNotFoundError: No module named 'yt_dlp'

[diffusion_infer STDOUT] 
2025-06-03 16:30:47,595 diffusion_infer ERROR: 
Cycle finished: 2025-06-03 16:30:47
2025-06-03 16:31:47,599 Start cycle: 2025-06-03 16:31:47
[video_crawler STDOUT] 
2025-06-03 16:31:47,708 video_crawler ERROR: Traceback (most recent call last):
  File "C:\Users\irosa\Desktop\新しいフォルダー (3)\Chameleon\internal\audio\video_crawler.py", line 2, in <module>
    import yt_dlp
ModuleNotFoundError: No module named 'yt_dlp'

[diffusion_infer STDOUT] 
2025-06-03 16:31:47,854 diffusion_infer ERROR: 
Cycle finished: 2025-06-03 16:31:47
2025-06-03 16:32:47,856 Start cycle: 2025-06-03 16:32:47
[video_crawler STDOUT] 
2025-06-03 16:32:47,987 video_crawler ERROR: Traceback (most recent call last):
  File "C:\Users\irosa\Desktop\新しいフォルダー (3)\Chameleon\internal\audio\video_crawler.py", line 2, in <module>
    import yt_dlp
ModuleNotFoundError: No module named 'yt_dlp'

[diffusion_infer STDOUT] 
2025-06-03 16:32:48,140 diffusion_infer ERROR: 
Cycle finished: 2025-06-03 16:32:47
2025-06-03 16:33:48,154 Start cycle: 2025-06-03 16:33:48
[video_crawler STDOUT] 
2025-06-03 16:33:48,292 video_crawler ERROR: Traceback (most recent call last):
  File "C:\Users\irosa\Desktop\新しいフォルダー (3)\Chameleon\internal\audio\video_crawler.py", line 2, in <module>
    import yt_dlp
ModuleNotFoundError: No module named 'yt_dlp'

[diffusion_infer STDOUT] 
2025-06-03 16:33:48,438 diffusion_infer ERROR: 
Cycle finished: 2025-06-03 16:33:48
2025-06-03 16:34:48,453 Start cycle: 2025-06-03 16:34:48
[video_crawler STDOUT] 
2025-06-03 16:34:48,584 video_crawler ERROR: Traceback (most recent call last):
  File "C:\Users\irosa\Desktop\新しいフォルダー (3)\Chameleon\internal\audio\video_crawler.py", line 2, in <module>
    import yt_dlp
ModuleNotFoundError: No module named 'yt_dlp'

[diffusion_infer STDOUT] 
2025-06-03 16:34:48,756 diffusion_infer ERROR: 
Cycle finished: 2025-06-03 16:34:48
2025-06-03 16:35:48,763 Start cycle: 2025-06-03 16:35:48
[video_crawler STDOUT] 
2025-06-03 16:35:48,919 video_crawler ERROR: Traceback (most recent call last):
  File "C:\Users\irosa\Desktop\新しいフォルダー (3)\Chameleon\internal\audio\video_crawler.py", line 2, in <module>
    import yt_dlp
ModuleNotFoundError: No module named 'yt_dlp'

[diffusion_infer STDOUT] 
2025-06-03 16:35:49,069 diffusion_infer ERROR: 
Cycle finished: 2025-06-03 16:35:48
2025-06-03 16:36:49,077 Start cycle: 2025-06-03 16:36:49
[video_crawler STDOUT] 
2025-06-03 16:36:49,230 video_crawler ERROR: Traceback (most recent call last):
  File "C:\Users\irosa\Desktop\新しいフォルダー (3)\Chameleon\internal\audio\video_crawler.py", line 2, in <module>
    import yt_dlp
ModuleNotFoundError: No module named 'yt_dlp'

[diffusion_infer STDOUT] 
2025-06-03 16:36:49,406 diffusion_infer ERROR: 
Cycle finished: 2025-06-03 16:36:49
2025-06-03 16:37:49,410 Start cycle: 2025-06-03 16:37:49
[video_crawler STDOUT] 
2025-06-03 16:37:49,571 video_crawler ERROR: Traceback (most recent call last):
  File "C:\Users\irosa\Desktop\新しいフォルダー (3)\Chameleon\internal\audio\video_crawler.py", line 2, in <module>
    import yt_dlp
ModuleNotFoundError: No module named 'yt_dlp'

[diffusion_infer STDOUT] 
2025-06-03 16:37:49,746 diffusion_infer ERROR: 
Cycle finished: 2025-06-03 16:37:49
2025-06-03 16:38:49,762 Start cycle: 2025-06-03 16:38:49
[video_crawler STDOUT] 
2025-06-03 16:38:49,919 video_crawler ERROR: Traceback (most recent call last):
  File "C:\Users\irosa\Desktop\新しいフォルダー (3)\Chameleon\internal\audio\video_crawler.py", line 2, in <module>
    import yt_dlp
ModuleNotFoundError: No module named 'yt_dlp'

[diffusion_infer STDOUT] 
2025-06-03 16:38:50,100 diffusion_infer ERROR: 
Cycle finished: 2025-06-03 16:38:49
2025-06-03 16:39:50,103 Start cycle: 2025-06-03 16:39:50
[video_crawler STDOUT] 
2025-06-03 16:39:50,257 video_crawler ERROR: Traceback (most recent call last):
  File "C:\Users\irosa\Desktop\新しいフォルダー (3)\Chameleon\internal\audio\video_crawler.py", line 2, in <module>
    import yt_dlp
ModuleNotFoundError: No module named 'yt_dlp'

[diffusion_infer STDOUT] 
2025-06-03 16:39:50,442 diffusion_infer ERROR: 
Cycle finished: 2025-06-03 16:39:50
2025-06-03 16:40:50,456 Start cycle: 2025-06-03 16:40:50
[video_crawler STDOUT] 
2025-06-03 16:40:50,602 video_crawler ERROR: Traceback (most recent call last):
  File "C:\Users\irosa\Desktop\新しいフォルダー (3)\Chameleon\internal\audio\video_crawler.py", line 2, in <module>
    import yt_dlp
ModuleNotFoundError: No module named 'yt_dlp'

[diffusion_infer STDOUT] 
2025-06-03 16:40:50,800 diffusion_infer ERROR: 
Cycle finished: 2025-06-03 16:40:50
2025-06-03 16:41:50,803 Start cycle: 2025-06-03 16:41:50
[video_crawler STDOUT] 
2025-06-03 16:41:50,955 video_crawler ERROR: Traceback (most recent call last):
  File "C:\Users\irosa\Desktop\新しいフォルダー (3)\Chameleon\internal\audio\video_crawler.py", line 2, in <module>
    import yt_dlp
ModuleNotFoundError: No module named 'yt_dlp'

[diffusion_infer STDOUT] 
2025-06-03 16:41:51,136 diffusion_infer ERROR: 
Cycle finished: 2025-06-03 16:41:50
2025-06-03 16:42:51,149 Start cycle: 2025-06-03 16:42:51
[video_crawler STDOUT] 
2025-06-03 16:42:51,288 video_crawler ERROR: Traceback (most recent call last):
  File "C:\Users\irosa\Desktop\新しいフォルダー (3)\Chameleon\internal\audio\video_crawler.py", line 2, in <module>
    import yt_dlp
ModuleNotFoundError: No module named 'yt_dlp'

[diffusion_infer STDOUT] 
2025-06-03 16:42:51,492 diffusion_infer ERROR: 
Cycle finished: 2025-06-03 16:42:51
2025-06-03 16:43:51,500 Start cycle: 2025-06-03 16:43:51
[video_crawler STDOUT] 
2025-06-03 16:43:51,621 video_crawler ERROR: Traceback (most recent call last):
  File "C:\Users\irosa\Desktop\新しいフォルダー (3)\Chameleon\internal\audio\video_crawler.py", line 2, in <module>
    import yt_dlp
ModuleNotFoundError: No module named 'yt_dlp'

[diffusion_infer STDOUT] 
2025-06-03 16:43:51,810 diffusion_infer ERROR: 
Cycle finished: 2025-06-03 16:43:51
2025-06-03 16:44:51,819 Start cycle: 2025-06-03 16:44:51
[video_crawler STDOUT] 
2025-06-03 16:44:51,973 video_crawler ERROR: Traceback (most recent call last):
  File "C:\Users\irosa\Desktop\新しいフォルダー (3)\Chameleon\internal\audio\video_crawler.py", line 2, in <module>
    import yt_dlp
ModuleNotFoundError: No module named 'yt_dlp'

[diffusion_infer STDOUT] 
2025-06-03 16:44:52,165 diffusion_infer ERROR: 
Cycle finished: 2025-06-03 16:44:51
2025-06-03 16:45:52,168 Start cycle: 2025-06-03 16:45:52
[video_crawler STDOUT] 
2025-06-03 16:45:52,303 video_crawler ERROR: Traceback (most recent call last):
  File "C:\Users\irosa\Desktop\新しいフォルダー (3)\Chameleon\internal\audio\video_crawler.py", line 2, in <module>
    import yt_dlp
ModuleNotFoundError: No module named 'yt_dlp'

[diffusion_infer STDOUT] 
2025-06-03 16:45:52,485 diffusion_infer ERROR: 
Cycle finished: 2025-06-03 16:45:52
2025-06-03 16:46:52,494 Start cycle: 2025-06-03 16:46:52
[video_crawler STDOUT] 
2025-06-03 16:46:52,655 video_crawler ERROR: Traceback (most recent call last):
  File "C:\Users\irosa\Desktop\新しいフォルダー (3)\Chameleon\internal\audio\video_crawler.py", line 2, in <module>
    import yt_dlp
ModuleNotFoundError: No module named 'yt_dlp'

[diffusion_infer STDOUT] 
2025-06-03 16:46:52,852 diffusion_infer ERROR: 
Cycle finished: 2025-06-03 16:46:52
2025-06-03 16:47:52,868 Start cycle: 2025-06-03 16:47:52
[video_crawler STDOUT] 
2025-06-03 16:47:53,033 video_crawler ERROR: Traceback (most recent call last):
  File "C:\Users\irosa\Desktop\新しいフォルダー (3)\Chameleon\internal\audio\video_crawler.py", line 2, in <module>
    import yt_dlp
ModuleNotFoundError: No module named 'yt_dlp'

[diffusion_infer STDOUT] 
2025-06-03 16:47:53,225 diffusion_infer ERROR: 
Cycle finished: 2025-06-03 16:47:52
2025-06-03 16:48:53,232 Start cycle: 2025-06-03 16:48:53
[video_crawler STDOUT] 
2025-06-03 16:48:53,355 video_crawler ERROR: Traceback (most recent call last):
  File "C:\Users\irosa\Desktop\新しいフォルダー (3)\Chameleon\internal\audio\video_crawler.py", line 2, in <module>
    import yt_dlp
ModuleNotFoundError: No module named 'yt_dlp'

[diffusion_infer STDOUT] 
2025-06-03 16:48:53,545 diffusion_infer ERROR: 
Cycle finished: 2025-06-03 16:48:53
2025-06-03 16:49:53,548 Start cycle: 2025-06-03 16:49:53
[video_crawler STDOUT] 
2025-06-03 16:49:53,664 video_crawler ERROR: Traceback (most recent call last):
  File "C:\Users\irosa\Desktop\新しいフォルダー (3)\Chameleon\internal\audio\video_crawler.py", line 2, in <module>
    import yt_dlp
ModuleNotFoundError: No module named 'yt_dlp'

[diffusion_infer STDOUT] 
2025-06-03 16:49:53,848 diffusion_infer ERROR: 
Cycle finished: 2025-06-03 16:49:53
2025-06-03 16:50:53,864 Start cycle: 2025-06-03 16:50:53
[video_crawler STDOUT] 
2025-06-03 16:50:53,988 video_crawler ERROR: Traceback (most recent call last):
  File "C:\Users\irosa\Desktop\新しいフォルダー (3)\Chameleon\internal\audio\video_crawler.py", line 2, in <module>
    import yt_dlp
ModuleNotFoundError: No module named 'yt_dlp'

[diffusion_infer STDOUT] 
2025-06-03 16:50:54,132 diffusion_infer ERROR: 
Cycle finished: 2025-06-03 16:50:53
2025-06-03 16:51:54,140 Start cycle: 2025-06-03 16:51:54
[video_crawler STDOUT] 
2025-06-03 16:51:54,304 video_crawler ERROR: Traceback (most recent call last):
  File "C:\Users\irosa\Desktop\新しいフォルダー (3)\Chameleon\internal\audio\video_crawler.py", line 2, in <module>
    import yt_dlp
ModuleNotFoundError: No module named 'yt_dlp'

[diffusion_infer STDOUT] 
2025-06-03 16:51:54,488 diffusion_infer ERROR: 
Cycle finished: 2025-06-03 16:51:54
2025-06-03 16:52:54,500 Start cycle: 2025-06-03 16:52:54
[video_crawler STDOUT] 
2025-06-03 16:52:54,649 video_crawler ERROR: Traceback (most recent call last):
  File "C:\Users\irosa\Desktop\新しいフォルダー (3)\Chameleon\internal\audio\video_crawler.py", line 2, in <module>
    import yt_dlp
ModuleNotFoundError: No module named 'yt_dlp'

[diffusion_infer STDOUT] 
2025-06-03 16:52:54,842 diffusion_infer ERROR: 
Cycle finished: 2025-06-03 16:52:54
2025-06-03 16:53:54,857 Start cycle: 2025-06-03 16:53:54
[video_crawler STDOUT] 
2025-06-03 16:53:54,967 video_crawler ERROR: Traceback (most recent call last):
  File "C:\Users\irosa\Desktop\新しいフォルダー (3)\Chameleon\internal\audio\video_crawler.py", line 2, in <module>
    import yt_dlp
ModuleNotFoundError: No module named 'yt_dlp'

[diffusion_infer STDOUT] 
2025-06-03 16:53:55,108 diffusion_infer ERROR: 
Cycle finished: 2025-06-03 16:53:54
2025-06-03 16:54:55,113 Start cycle: 2025-06-03 16:54:55
[video_crawler STDOUT] 
2025-06-03 16:54:55,248 video_crawler ERROR: Traceback (most recent call last):
  File "C:\Users\irosa\Desktop\新しいフォルダー (3)\Chameleon\internal\audio\video_crawler.py", line 2, in <module>
    import yt_dlp
ModuleNotFoundError: No module named 'yt_dlp'

[diffusion_infer STDOUT] 
2025-06-03 16:54:55,409 diffusion_infer ERROR: 
Cycle finished: 2025-06-03 16:54:55
2025-06-03 16:55:55,414 Start cycle: 2025-06-03 16:55:55
[video_crawler STDOUT] 
2025-06-03 16:55:55,519 video_crawler ERROR: Traceback (most recent call last):
  File "C:\Users\irosa\Desktop\新しいフォルダー (3)\Chameleon\internal\audio\video_crawler.py", line 2, in <module>
    import yt_dlp
ModuleNotFoundError: No module named 'yt_dlp'

[diffusion_infer STDOUT] 
2025-06-03 16:55:55,667 diffusion_infer ERROR: 
Cycle finished: 2025-06-03 16:55:55
2025-06-04 03:37:18,901 Start cycle: 2025-06-04 03:37:18
[video_crawler STDOUT] 
2025-06-04 03:37:19,075 video_crawler ERROR: Traceback (most recent call last):
  File "C:\Users\irosa\Desktop\新しいフォルダー (3)\Chameleon\internal\audio\video_crawler.py", line 2, in <module>
    import yt_dlp
ModuleNotFoundError: No module named 'yt_dlp'

2025-06-04 03:38:38,618 Start cycle: 2025-06-04 03:38:38
[video_crawler STDOUT] 
2025-06-04 03:38:38,791 video_crawler ERROR: Traceback (most recent call last):
  File "C:\Users\irosa\Desktop\新しいフォルダー (3)\Chameleon\internal\audio\video_crawler.py", line 2, in <module>
    import yt_dlp
ModuleNotFoundError: No module named 'yt_dlp'

2025-06-04 03:39:38,796 Start cycle: 2025-06-04 03:39:38
[video_crawler STDOUT] 
2025-06-04 03:39:38,980 video_crawler ERROR: Traceback (most recent call last):
  File "C:\Users\irosa\Desktop\新しいフォルダー (3)\Chameleon\internal\audio\video_crawler.py", line 2, in <module>
    import yt_dlp
ModuleNotFoundError: No module named 'yt_dlp'

2025-06-04 03:40:38,993 Start cycle: 2025-06-04 03:40:38
[video_crawler STDOUT] 
2025-06-04 03:40:39,174 video_crawler ERROR: Traceback (most recent call last):
  File "C:\Users\irosa\Desktop\新しいフォルダー (3)\Chameleon\internal\audio\video_crawler.py", line 2, in <module>
    import yt_dlp
ModuleNotFoundError: No module named 'yt_dlp'

2025-06-04 03:41:39,178 Start cycle: 2025-06-04 03:41:39
[video_crawler STDOUT] 
2025-06-04 03:41:39,330 video_crawler ERROR: Traceback (most recent call last):
  File "C:\Users\irosa\Desktop\新しいフォルダー (3)\Chameleon\internal\audio\video_crawler.py", line 2, in <module>
    import yt_dlp
ModuleNotFoundError: No module named 'yt_dlp'

2025-06-04 03:42:39,338 Start cycle: 2025-06-04 03:42:39
[video_crawler STDOUT] 
2025-06-04 03:42:39,515 video_crawler ERROR: Traceback (most recent call last):
  File "C:\Users\irosa\Desktop\新しいフォルダー (3)\Chameleon\internal\audio\video_crawler.py", line 2, in <module>
    import yt_dlp
ModuleNotFoundError: No module named 'yt_dlp'

2025-06-04 03:43:39,522 Start cycle: 2025-06-04 03:43:39
[video_crawler STDOUT] 
2025-06-04 03:43:39,681 video_crawler ERROR: Traceback (most recent call last):
  File "C:\Users\irosa\Desktop\新しいフォルダー (3)\Chameleon\internal\audio\video_crawler.py", line 2, in <module>
    import yt_dlp
ModuleNotFoundError: No module named 'yt_dlp'

2025-06-04 03:44:39,692 Start cycle: 2025-06-04 03:44:39
[video_crawler STDOUT] 
2025-06-04 03:44:39,863 video_crawler ERROR: Traceback (most recent call last):
  File "C:\Users\irosa\Desktop\新しいフォルダー (3)\Chameleon\internal\audio\video_crawler.py", line 2, in <module>
    import yt_dlp
ModuleNotFoundError: No module named 'yt_dlp'

2025-06-04 03:45:39,869 Start cycle: 2025-06-04 03:45:39
[video_crawler STDOUT] 
2025-06-04 03:45:40,036 video_crawler ERROR: Traceback (most recent call last):
  File "C:\Users\irosa\Desktop\新しいフォルダー (3)\Chameleon\internal\audio\video_crawler.py", line 2, in <module>
    import yt_dlp
ModuleNotFoundError: No module named 'yt_dlp'

2025-06-04 03:46:40,039 Start cycle: 2025-06-04 03:46:40
[video_crawler STDOUT] 
2025-06-04 03:46:40,248 video_crawler ERROR: Traceback (most recent call last):
  File "C:\Users\irosa\Desktop\新しいフォルダー (3)\Chameleon\internal\audio\video_crawler.py", line 2, in <module>
    import yt_dlp
ModuleNotFoundError: No module named 'yt_dlp'

2025-06-04 03:47:40,262 Start cycle: 2025-06-04 03:47:40
[video_crawler STDOUT] 
2025-06-04 03:47:40,427 video_crawler ERROR: Traceback (most recent call last):
  File "C:\Users\irosa\Desktop\新しいフォルダー (3)\Chameleon\internal\audio\video_crawler.py", line 2, in <module>
    import yt_dlp
ModuleNotFoundError: No module named 'yt_dlp'

2025-06-04 03:48:40,436 Start cycle: 2025-06-04 03:48:40
[video_crawler STDOUT] 
2025-06-04 03:48:40,622 video_crawler ERROR: Traceback (most recent call last):
  File "C:\Users\irosa\Desktop\新しいフォルダー (3)\Chameleon\internal\audio\video_crawler.py", line 2, in <module>
    import yt_dlp
ModuleNotFoundError: No module named 'yt_dlp'

2025-06-04 03:49:40,626 Start cycle: 2025-06-04 03:49:40
[video_crawler STDOUT] 
2025-06-04 03:49:40,838 video_crawler ERROR: Traceback (most recent call last):
  File "C:\Users\irosa\Desktop\新しいフォルダー (3)\Chameleon\internal\audio\video_crawler.py", line 2, in <module>
    import yt_dlp
ModuleNotFoundError: No module named 'yt_dlp'

2025-06-04 03:50:40,839 Start cycle: 2025-06-04 03:50:40
[video_crawler STDOUT] 
2025-06-04 03:50:41,002 video_crawler ERROR: Traceback (most recent call last):
  File "C:\Users\irosa\Desktop\新しいフォルダー (3)\Chameleon\internal\audio\video_crawler.py", line 2, in <module>
    import yt_dlp
ModuleNotFoundError: No module named 'yt_dlp'

2025-06-04 03:51:41,013 Start cycle: 2025-06-04 03:51:41
[video_crawler STDOUT] 
2025-06-04 03:51:41,175 video_crawler ERROR: Traceback (most recent call last):
  File "C:\Users\irosa\Desktop\新しいフォルダー (3)\Chameleon\internal\audio\video_crawler.py", line 2, in <module>
    import yt_dlp
ModuleNotFoundError: No module named 'yt_dlp'

2025-06-04 03:52:41,182 Start cycle: 2025-06-04 03:52:41
[video_crawler STDOUT] 
2025-06-04 03:52:41,353 video_crawler ERROR: Traceback (most recent call last):
  File "C:\Users\irosa\Desktop\新しいフォルダー (3)\Chameleon\internal\audio\video_crawler.py", line 2, in <module>
    import yt_dlp
ModuleNotFoundError: No module named 'yt_dlp'

2025-06-04 03:53:41,355 Start cycle: 2025-06-04 03:53:41
[video_crawler STDOUT] 
2025-06-04 03:53:41,476 video_crawler ERROR: Traceback (most recent call last):
  File "C:\Users\irosa\Desktop\新しいフォルダー (3)\Chameleon\internal\audio\video_crawler.py", line 2, in <module>
    import yt_dlp
ModuleNotFoundError: No module named 'yt_dlp'

2025-06-04 03:54:41,482 Start cycle: 2025-06-04 03:54:41
[video_crawler STDOUT] 
2025-06-04 03:54:41,618 video_crawler ERROR: Traceback (most recent call last):
  File "C:\Users\irosa\Desktop\新しいフォルダー (3)\Chameleon\internal\audio\video_crawler.py", line 2, in <module>
    import yt_dlp
ModuleNotFoundError: No module named 'yt_dlp'

2025-06-04 03:55:41,628 Start cycle: 2025-06-04 03:55:41
[video_crawler STDOUT] 
2025-06-04 03:55:41,807 video_crawler ERROR: Traceback (most recent call last):
  File "C:\Users\irosa\Desktop\新しいフォルダー (3)\Chameleon\internal\audio\video_crawler.py", line 2, in <module>
    import yt_dlp
ModuleNotFoundError: No module named 'yt_dlp'

2025-06-04 03:56:41,816 Start cycle: 2025-06-04 03:56:41
[video_crawler STDOUT] 
2025-06-04 03:56:41,969 video_crawler ERROR: Traceback (most recent call last):
  File "C:\Users\irosa\Desktop\新しいフォルダー (3)\Chameleon\internal\audio\video_crawler.py", line 2, in <module>
    import yt_dlp
ModuleNotFoundError: No module named 'yt_dlp'

2025-06-04 03:57:41,971 Start cycle: 2025-06-04 03:57:41
[video_crawler STDOUT] 
2025-06-04 03:57:42,132 video_crawler ERROR: Traceback (most recent call last):
  File "C:\Users\irosa\Desktop\新しいフォルダー (3)\Chameleon\internal\audio\video_crawler.py", line 2, in <module>
    import yt_dlp
ModuleNotFoundError: No module named 'yt_dlp'

2025-06-04 03:58:42,139 Start cycle: 2025-06-04 03:58:42
[video_crawler STDOUT] 
2025-06-04 03:58:42,310 video_crawler ERROR: Traceback (most recent call last):
  File "C:\Users\irosa\Desktop\新しいフォルダー (3)\Chameleon\internal\audio\video_crawler.py", line 2, in <module>
    import yt_dlp
ModuleNotFoundError: No module named 'yt_dlp'

2025-06-04 03:59:42,317 Start cycle: 2025-06-04 03:59:42
[video_crawler STDOUT] 
2025-06-04 03:59:42,510 video_crawler ERROR: Traceback (most recent call last):
  File "C:\Users\irosa\Desktop\新しいフォルダー (3)\Chameleon\internal\audio\video_crawler.py", line 2, in <module>
    import yt_dlp
ModuleNotFoundError: No module named 'yt_dlp'

2025-06-04 04:00:42,516 Start cycle: 2025-06-04 04:00:42
[video_crawler STDOUT] 
2025-06-04 04:00:42,709 video_crawler ERROR: Traceback (most recent call last):
  File "C:\Users\irosa\Desktop\新しいフォルダー (3)\Chameleon\internal\audio\video_crawler.py", line 2, in <module>
    import yt_dlp
ModuleNotFoundError: No module named 'yt_dlp'

2025-06-04 04:01:42,724 Start cycle: 2025-06-04 04:01:42
[video_crawler STDOUT] 
2025-06-04 04:01:42,907 video_crawler ERROR: Traceback (most recent call last):
  File "C:\Users\irosa\Desktop\新しいフォルダー (3)\Chameleon\internal\audio\video_crawler.py", line 2, in <module>
    import yt_dlp
ModuleNotFoundError: No module named 'yt_dlp'

2025-06-04 04:02:42,919 Start cycle: 2025-06-04 04:02:42
[video_crawler STDOUT] 
2025-06-04 04:02:43,114 video_crawler ERROR: Traceback (most recent call last):
  File "C:\Users\irosa\Desktop\新しいフォルダー (3)\Chameleon\internal\audio\video_crawler.py", line 2, in <module>
    import yt_dlp
ModuleNotFoundError: No module named 'yt_dlp'

2025-06-04 04:03:43,116 Start cycle: 2025-06-04 04:03:43
[video_crawler STDOUT] 
2025-06-04 04:03:43,287 video_crawler ERROR: Traceback (most recent call last):
  File "C:\Users\irosa\Desktop\新しいフォルダー (3)\Chameleon\internal\audio\video_crawler.py", line 2, in <module>
    import yt_dlp
ModuleNotFoundError: No module named 'yt_dlp'

2025-06-04 04:04:43,297 Start cycle: 2025-06-04 04:04:43
[video_crawler STDOUT] 
2025-06-04 04:04:43,490 video_crawler ERROR: Traceback (most recent call last):
  File "C:\Users\irosa\Desktop\新しいフォルダー (3)\Chameleon\internal\audio\video_crawler.py", line 2, in <module>
    import yt_dlp
ModuleNotFoundError: No module named 'yt_dlp'

2025-06-04 04:05:43,492 Start cycle: 2025-06-04 04:05:43
[video_crawler STDOUT] 
2025-06-04 04:05:43,678 video_crawler ERROR: Traceback (most recent call last):
  File "C:\Users\irosa\Desktop\新しいフォルダー (3)\Chameleon\internal\audio\video_crawler.py", line 2, in <module>
    import yt_dlp
ModuleNotFoundError: No module named 'yt_dlp'

2025-06-04 04:06:43,688 Start cycle: 2025-06-04 04:06:43
[video_crawler STDOUT] 
2025-06-04 04:06:43,854 video_crawler ERROR: Traceback (most recent call last):
  File "C:\Users\irosa\Desktop\新しいフォルダー (3)\Chameleon\internal\audio\video_crawler.py", line 2, in <module>
    import yt_dlp
ModuleNotFoundError: No module named 'yt_dlp'

2025-06-04 04:07:43,866 Start cycle: 2025-06-04 04:07:43
[video_crawler STDOUT] 
2025-06-04 04:07:44,070 video_crawler ERROR: Traceback (most recent call last):
  File "C:\Users\irosa\Desktop\新しいフォルダー (3)\Chameleon\internal\audio\video_crawler.py", line 2, in <module>
    import yt_dlp
ModuleNotFoundError: No module named 'yt_dlp'

2025-06-04 04:08:44,072 Start cycle: 2025-06-04 04:08:44
[video_crawler STDOUT] 
2025-06-04 04:08:44,236 video_crawler ERROR: Traceback (most recent call last):
  File "C:\Users\irosa\Desktop\新しいフォルダー (3)\Chameleon\internal\audio\video_crawler.py", line 2, in <module>
    import yt_dlp
ModuleNotFoundError: No module named 'yt_dlp'

2025-06-04 04:09:44,244 Start cycle: 2025-06-04 04:09:44
[video_crawler STDOUT] 
2025-06-04 04:09:44,407 video_crawler ERROR: Traceback (most recent call last):
  File "C:\Users\irosa\Desktop\新しいフォルダー (3)\Chameleon\internal\audio\video_crawler.py", line 2, in <module>
    import yt_dlp
ModuleNotFoundError: No module named 'yt_dlp'

2025-06-04 04:10:44,422 Start cycle: 2025-06-04 04:10:44
[video_crawler STDOUT] 
2025-06-04 04:10:44,602 video_crawler ERROR: Traceback (most recent call last):
  File "C:\Users\irosa\Desktop\新しいフォルダー (3)\Chameleon\internal\audio\video_crawler.py", line 2, in <module>
    import yt_dlp
ModuleNotFoundError: No module named 'yt_dlp'

2025-06-04 04:11:44,614 Start cycle: 2025-06-04 04:11:44
[video_crawler STDOUT] 
2025-06-04 04:11:44,788 video_crawler ERROR: Traceback (most recent call last):
  File "C:\Users\irosa\Desktop\新しいフォルダー (3)\Chameleon\internal\audio\video_crawler.py", line 2, in <module>
    import yt_dlp
ModuleNotFoundError: No module named 'yt_dlp'

2025-06-04 04:12:44,800 Start cycle: 2025-06-04 04:12:44
[video_crawler STDOUT] 
2025-06-04 04:12:44,951 video_crawler ERROR: Traceback (most recent call last):
  File "C:\Users\irosa\Desktop\新しいフォルダー (3)\Chameleon\internal\audio\video_crawler.py", line 2, in <module>
    import yt_dlp
ModuleNotFoundError: No module named 'yt_dlp'

2025-06-04 04:13:44,956 Start cycle: 2025-06-04 04:13:44
[video_crawler STDOUT] 
2025-06-04 04:13:45,157 video_crawler ERROR: Traceback (most recent call last):
  File "C:\Users\irosa\Desktop\新しいフォルダー (3)\Chameleon\internal\audio\video_crawler.py", line 2, in <module>
    import yt_dlp
ModuleNotFoundError: No module named 'yt_dlp'

2025-06-04 04:14:45,163 Start cycle: 2025-06-04 04:14:45
[video_crawler STDOUT] 
2025-06-04 04:14:45,309 video_crawler ERROR: Traceback (most recent call last):
  File "C:\Users\irosa\Desktop\新しいフォルダー (3)\Chameleon\internal\audio\video_crawler.py", line 2, in <module>
    import yt_dlp
ModuleNotFoundError: No module named 'yt_dlp'

2025-06-04 04:15:45,321 Start cycle: 2025-06-04 04:15:45
[video_crawler STDOUT] 
2025-06-04 04:15:45,494 video_crawler ERROR: Traceback (most recent call last):
  File "C:\Users\irosa\Desktop\新しいフォルダー (3)\Chameleon\internal\audio\video_crawler.py", line 2, in <module>
    import yt_dlp
ModuleNotFoundError: No module named 'yt_dlp'

2025-06-04 04:16:45,500 Start cycle: 2025-06-04 04:16:45
[video_crawler STDOUT] 
2025-06-04 04:16:45,647 video_crawler ERROR: Traceback (most recent call last):
  File "C:\Users\irosa\Desktop\新しいフォルダー (3)\Chameleon\internal\audio\video_crawler.py", line 2, in <module>
    import yt_dlp
ModuleNotFoundError: No module named 'yt_dlp'

2025-06-04 04:17:45,651 Start cycle: 2025-06-04 04:17:45
[video_crawler STDOUT] 
2025-06-04 04:17:45,818 video_crawler ERROR: Traceback (most recent call last):
  File "C:\Users\irosa\Desktop\新しいフォルダー (3)\Chameleon\internal\audio\video_crawler.py", line 2, in <module>
    import yt_dlp
ModuleNotFoundError: No module named 'yt_dlp'

2025-06-04 04:18:45,835 Start cycle: 2025-06-04 04:18:45
[video_crawler STDOUT] 
2025-06-04 04:18:46,020 video_crawler ERROR: Traceback (most recent call last):
  File "C:\Users\irosa\Desktop\新しいフォルダー (3)\Chameleon\internal\audio\video_crawler.py", line 2, in <module>
    import yt_dlp
ModuleNotFoundError: No module named 'yt_dlp'

2025-06-04 04:19:46,033 Start cycle: 2025-06-04 04:19:46
[video_crawler STDOUT] 
2025-06-04 04:19:46,197 video_crawler ERROR: Traceback (most recent call last):
  File "C:\Users\irosa\Desktop\新しいフォルダー (3)\Chameleon\internal\audio\video_crawler.py", line 2, in <module>
    import yt_dlp
ModuleNotFoundError: No module named 'yt_dlp'

2025-06-04 04:20:46,208 Start cycle: 2025-06-04 04:20:46
[video_crawler STDOUT] 
2025-06-04 04:20:46,354 video_crawler ERROR: Traceback (most recent call last):
  File "C:\Users\irosa\Desktop\新しいフォルダー (3)\Chameleon\internal\audio\video_crawler.py", line 2, in <module>
    import yt_dlp
ModuleNotFoundError: No module named 'yt_dlp'

2025-06-04 04:21:46,363 Start cycle: 2025-06-04 04:21:46
[video_crawler STDOUT] 
2025-06-04 04:21:46,539 video_crawler ERROR: Traceback (most recent call last):
  File "C:\Users\irosa\Desktop\新しいフォルダー (3)\Chameleon\internal\audio\video_crawler.py", line 2, in <module>
    import yt_dlp
ModuleNotFoundError: No module named 'yt_dlp'

2025-06-04 04:22:46,540 Start cycle: 2025-06-04 04:22:46
[video_crawler STDOUT] 
2025-06-04 04:22:46,688 video_crawler ERROR: Traceback (most recent call last):
  File "C:\Users\irosa\Desktop\新しいフォルダー (3)\Chameleon\internal\audio\video_crawler.py", line 2, in <module>
    import yt_dlp
ModuleNotFoundError: No module named 'yt_dlp'

2025-06-04 04:23:46,692 Start cycle: 2025-06-04 04:23:46
[video_crawler STDOUT] 
2025-06-04 04:23:46,862 video_crawler ERROR: Traceback (most recent call last):
  File "C:\Users\irosa\Desktop\新しいフォルダー (3)\Chameleon\internal\audio\video_crawler.py", line 2, in <module>
    import yt_dlp
ModuleNotFoundError: No module named 'yt_dlp'

2025-06-04 04:24:46,876 Start cycle: 2025-06-04 04:24:46
[video_crawler STDOUT] 
2025-06-04 04:24:47,017 video_crawler ERROR: Traceback (most recent call last):
  File "C:\Users\irosa\Desktop\新しいフォルダー (3)\Chameleon\internal\audio\video_crawler.py", line 2, in <module>
    import yt_dlp
ModuleNotFoundError: No module named 'yt_dlp'

2025-06-04 04:25:47,032 Start cycle: 2025-06-04 04:25:47
[video_crawler STDOUT] 
2025-06-04 04:25:47,204 video_crawler ERROR: Traceback (most recent call last):
  File "C:\Users\irosa\Desktop\新しいフォルダー (3)\Chameleon\internal\audio\video_crawler.py", line 2, in <module>
    import yt_dlp
ModuleNotFoundError: No module named 'yt_dlp'

2025-06-04 04:26:47,210 Start cycle: 2025-06-04 04:26:47
[video_crawler STDOUT] 
2025-06-04 04:26:47,381 video_crawler ERROR: Traceback (most recent call last):
  File "C:\Users\irosa\Desktop\新しいフォルダー (3)\Chameleon\internal\audio\video_crawler.py", line 2, in <module>
    import yt_dlp
ModuleNotFoundError: No module named 'yt_dlp'

2025-06-04 04:27:47,394 Start cycle: 2025-06-04 04:27:47
[video_crawler STDOUT] 
2025-06-04 04:27:47,567 video_crawler ERROR: Traceback (most recent call last):
  File "C:\Users\irosa\Desktop\新しいフォルダー (3)\Chameleon\internal\audio\video_crawler.py", line 2, in <module>
    import yt_dlp
ModuleNotFoundError: No module named 'yt_dlp'

2025-06-04 04:28:47,578 Start cycle: 2025-06-04 04:28:47
[video_crawler STDOUT] 
2025-06-04 04:28:47,759 video_crawler ERROR: Traceback (most recent call last):
  File "C:\Users\irosa\Desktop\新しいフォルダー (3)\Chameleon\internal\audio\video_crawler.py", line 2, in <module>
    import yt_dlp
ModuleNotFoundError: No module named 'yt_dlp'

2025-06-04 04:29:47,766 Start cycle: 2025-06-04 04:29:47
[video_crawler STDOUT] 
2025-06-04 04:29:47,929 video_crawler ERROR: Traceback (most recent call last):
  File "C:\Users\irosa\Desktop\新しいフォルダー (3)\Chameleon\internal\audio\video_crawler.py", line 2, in <module>
    import yt_dlp
ModuleNotFoundError: No module named 'yt_dlp'

2025-06-04 04:30:47,942 Start cycle: 2025-06-04 04:30:47
[video_crawler STDOUT] 
2025-06-04 04:30:48,131 video_crawler ERROR: Traceback (most recent call last):
  File "C:\Users\irosa\Desktop\新しいフォルダー (3)\Chameleon\internal\audio\video_crawler.py", line 2, in <module>
    import yt_dlp
ModuleNotFoundError: No module named 'yt_dlp'

2025-06-04 04:31:48,138 Start cycle: 2025-06-04 04:31:48
[video_crawler STDOUT] 
2025-06-04 04:31:48,317 video_crawler ERROR: Traceback (most recent call last):
  File "C:\Users\irosa\Desktop\新しいフォルダー (3)\Chameleon\internal\audio\video_crawler.py", line 2, in <module>
    import yt_dlp
ModuleNotFoundError: No module named 'yt_dlp'

2025-06-04 04:32:48,330 Start cycle: 2025-06-04 04:32:48
[video_crawler STDOUT] 
2025-06-04 04:32:48,540 video_crawler ERROR: Traceback (most recent call last):
  File "C:\Users\irosa\Desktop\新しいフォルダー (3)\Chameleon\internal\audio\video_crawler.py", line 2, in <module>
    import yt_dlp
ModuleNotFoundError: No module named 'yt_dlp'

2025-06-04 04:33:48,547 Start cycle: 2025-06-04 04:33:48
[video_crawler STDOUT] 
2025-06-04 04:33:48,738 video_crawler ERROR: Traceback (most recent call last):
  File "C:\Users\irosa\Desktop\新しいフォルダー (3)\Chameleon\internal\audio\video_crawler.py", line 2, in <module>
    import yt_dlp
ModuleNotFoundError: No module named 'yt_dlp'

2025-06-04 04:34:48,753 Start cycle: 2025-06-04 04:34:48
[video_crawler STDOUT] 
2025-06-04 04:34:48,924 video_crawler ERROR: Traceback (most recent call last):
  File "C:\Users\irosa\Desktop\新しいフォルダー (3)\Chameleon\internal\audio\video_crawler.py", line 2, in <module>
    import yt_dlp
ModuleNotFoundError: No module named 'yt_dlp'

2025-06-04 04:35:48,928 Start cycle: 2025-06-04 04:35:48
[video_crawler STDOUT] 
2025-06-04 04:35:49,090 video_crawler ERROR: Traceback (most recent call last):
  File "C:\Users\irosa\Desktop\新しいフォルダー (3)\Chameleon\internal\audio\video_crawler.py", line 2, in <module>
    import yt_dlp
ModuleNotFoundError: No module named 'yt_dlp'

2025-06-04 04:36:49,101 Start cycle: 2025-06-04 04:36:49
[video_crawler STDOUT] 
2025-06-04 04:36:49,250 video_crawler ERROR: Traceback (most recent call last):
  File "C:\Users\irosa\Desktop\新しいフォルダー (3)\Chameleon\internal\audio\video_crawler.py", line 2, in <module>
    import yt_dlp
ModuleNotFoundError: No module named 'yt_dlp'

2025-06-04 04:37:49,256 Start cycle: 2025-06-04 04:37:49
[video_crawler STDOUT] 
2025-06-04 04:37:49,414 video_crawler ERROR: Traceback (most recent call last):
  File "C:\Users\irosa\Desktop\新しいフォルダー (3)\Chameleon\internal\audio\video_crawler.py", line 2, in <module>
    import yt_dlp
ModuleNotFoundError: No module named 'yt_dlp'

2025-06-04 04:38:49,416 Start cycle: 2025-06-04 04:38:49
[video_crawler STDOUT] 
2025-06-04 04:38:49,588 video_crawler ERROR: Traceback (most recent call last):
  File "C:\Users\irosa\Desktop\新しいフォルダー (3)\Chameleon\internal\audio\video_crawler.py", line 2, in <module>
    import yt_dlp
ModuleNotFoundError: No module named 'yt_dlp'

2025-06-04 04:39:49,589 Start cycle: 2025-06-04 04:39:49
[video_crawler STDOUT] 
2025-06-04 04:39:49,765 video_crawler ERROR: Traceback (most recent call last):
  File "C:\Users\irosa\Desktop\新しいフォルダー (3)\Chameleon\internal\audio\video_crawler.py", line 2, in <module>
    import yt_dlp
ModuleNotFoundError: No module named 'yt_dlp'

2025-06-04 04:40:49,780 Start cycle: 2025-06-04 04:40:49
[video_crawler STDOUT] 
2025-06-04 04:40:49,952 video_crawler ERROR: Traceback (most recent call last):
  File "C:\Users\irosa\Desktop\新しいフォルダー (3)\Chameleon\internal\audio\video_crawler.py", line 2, in <module>
    import yt_dlp
ModuleNotFoundError: No module named 'yt_dlp'

2025-06-04 04:41:49,956 Start cycle: 2025-06-04 04:41:49
[video_crawler STDOUT] 
2025-06-04 04:41:50,132 video_crawler ERROR: Traceback (most recent call last):
  File "C:\Users\irosa\Desktop\新しいフォルダー (3)\Chameleon\internal\audio\video_crawler.py", line 2, in <module>
    import yt_dlp
ModuleNotFoundError: No module named 'yt_dlp'

2025-06-04 04:42:50,139 Start cycle: 2025-06-04 04:42:50
[video_crawler STDOUT] 
2025-06-04 04:42:50,309 video_crawler ERROR: Traceback (most recent call last):
  File "C:\Users\irosa\Desktop\新しいフォルダー (3)\Chameleon\internal\audio\video_crawler.py", line 2, in <module>
    import yt_dlp
ModuleNotFoundError: No module named 'yt_dlp'

2025-06-04 04:43:50,316 Start cycle: 2025-06-04 04:43:50
[video_crawler STDOUT] 
2025-06-04 04:43:50,496 video_crawler ERROR: Traceback (most recent call last):
  File "C:\Users\irosa\Desktop\新しいフォルダー (3)\Chameleon\internal\audio\video_crawler.py", line 2, in <module>
    import yt_dlp
ModuleNotFoundError: No module named 'yt_dlp'

2025-06-04 04:44:50,503 Start cycle: 2025-06-04 04:44:50
[video_crawler STDOUT] 
2025-06-04 04:44:50,644 video_crawler ERROR: Traceback (most recent call last):
  File "C:\Users\irosa\Desktop\新しいフォルダー (3)\Chameleon\internal\audio\video_crawler.py", line 2, in <module>
    import yt_dlp
ModuleNotFoundError: No module named 'yt_dlp'

2025-06-04 04:45:50,650 Start cycle: 2025-06-04 04:45:50
[video_crawler STDOUT] 
2025-06-04 04:45:50,784 video_crawler ERROR: Traceback (most recent call last):
  File "C:\Users\irosa\Desktop\新しいフォルダー (3)\Chameleon\internal\audio\video_crawler.py", line 2, in <module>
    import yt_dlp
ModuleNotFoundError: No module named 'yt_dlp'

2025-06-04 04:46:50,797 Start cycle: 2025-06-04 04:46:50
[video_crawler STDOUT] 
2025-06-04 04:46:50,943 video_crawler ERROR: Traceback (most recent call last):
  File "C:\Users\irosa\Desktop\新しいフォルダー (3)\Chameleon\internal\audio\video_crawler.py", line 2, in <module>
    import yt_dlp
ModuleNotFoundError: No module named 'yt_dlp'

2025-06-04 04:47:50,951 Start cycle: 2025-06-04 04:47:50
[video_crawler STDOUT] 
2025-06-04 04:47:51,081 video_crawler ERROR: Traceback (most recent call last):
  File "C:\Users\irosa\Desktop\新しいフォルダー (3)\Chameleon\internal\audio\video_crawler.py", line 2, in <module>
    import yt_dlp
ModuleNotFoundError: No module named 'yt_dlp'

2025-06-04 04:48:51,088 Start cycle: 2025-06-04 04:48:51
[video_crawler STDOUT] 
2025-06-04 04:48:51,239 video_crawler ERROR: Traceback (most recent call last):
  File "C:\Users\irosa\Desktop\新しいフォルダー (3)\Chameleon\internal\audio\video_crawler.py", line 2, in <module>
    import yt_dlp
ModuleNotFoundError: No module named 'yt_dlp'

2025-06-04 04:49:51,251 Start cycle: 2025-06-04 04:49:51
[video_crawler STDOUT] 
2025-06-04 04:49:51,419 video_crawler ERROR: Traceback (most recent call last):
  File "C:\Users\irosa\Desktop\新しいフォルダー (3)\Chameleon\internal\audio\video_crawler.py", line 2, in <module>
    import yt_dlp
ModuleNotFoundError: No module named 'yt_dlp'

2025-06-04 04:50:51,429 Start cycle: 2025-06-04 04:50:51
[video_crawler STDOUT] 
2025-06-04 04:50:51,620 video_crawler ERROR: Traceback (most recent call last):
  File "C:\Users\irosa\Desktop\新しいフォルダー (3)\Chameleon\internal\audio\video_crawler.py", line 2, in <module>
    import yt_dlp
ModuleNotFoundError: No module named 'yt_dlp'

2025-06-04 04:51:51,636 Start cycle: 2025-06-04 04:51:51
[video_crawler STDOUT] 
2025-06-04 04:51:51,821 video_crawler ERROR: Traceback (most recent call last):
  File "C:\Users\irosa\Desktop\新しいフォルダー (3)\Chameleon\internal\audio\video_crawler.py", line 2, in <module>
    import yt_dlp
ModuleNotFoundError: No module named 'yt_dlp'

2025-06-04 04:52:51,836 Start cycle: 2025-06-04 04:52:51
[video_crawler STDOUT] 
2025-06-04 04:52:52,001 video_crawler ERROR: Traceback (most recent call last):
  File "C:\Users\irosa\Desktop\新しいフォルダー (3)\Chameleon\internal\audio\video_crawler.py", line 2, in <module>
    import yt_dlp
ModuleNotFoundError: No module named 'yt_dlp'

2025-06-04 04:53:52,008 Start cycle: 2025-06-04 04:53:52
[video_crawler STDOUT] 
2025-06-04 04:53:52,131 video_crawler ERROR: Traceback (most recent call last):
  File "C:\Users\irosa\Desktop\新しいフォルダー (3)\Chameleon\internal\audio\video_crawler.py", line 2, in <module>
    import yt_dlp
ModuleNotFoundError: No module named 'yt_dlp'

2025-06-04 04:54:52,138 Start cycle: 2025-06-04 04:54:52
[video_crawler STDOUT] 
2025-06-04 04:54:52,295 video_crawler ERROR: Traceback (most recent call last):
  File "C:\Users\irosa\Desktop\新しいフォルダー (3)\Chameleon\internal\audio\video_crawler.py", line 2, in <module>
    import yt_dlp
ModuleNotFoundError: No module named 'yt_dlp'

2025-06-04 04:55:52,303 Start cycle: 2025-06-04 04:55:52
[video_crawler STDOUT] 
2025-06-04 04:55:52,453 video_crawler ERROR: Traceback (most recent call last):
  File "C:\Users\irosa\Desktop\新しいフォルダー (3)\Chameleon\internal\audio\video_crawler.py", line 2, in <module>
    import yt_dlp
ModuleNotFoundError: No module named 'yt_dlp'

2025-06-04 04:56:52,469 Start cycle: 2025-06-04 04:56:52
[video_crawler STDOUT] 
2025-06-04 04:56:52,636 video_crawler ERROR: Traceback (most recent call last):
  File "C:\Users\irosa\Desktop\新しいフォルダー (3)\Chameleon\internal\audio\video_crawler.py", line 2, in <module>
    import yt_dlp
ModuleNotFoundError: No module named 'yt_dlp'

2025-06-04 04:57:52,644 Start cycle: 2025-06-04 04:57:52
[video_crawler STDOUT] 
2025-06-04 04:57:52,791 video_crawler ERROR: Traceback (most recent call last):
  File "C:\Users\irosa\Desktop\新しいフォルダー (3)\Chameleon\internal\audio\video_crawler.py", line 2, in <module>
    import yt_dlp
ModuleNotFoundError: No module named 'yt_dlp'

2025-06-04 04:58:52,797 Start cycle: 2025-06-04 04:58:52
[video_crawler STDOUT] 
2025-06-04 04:58:52,968 video_crawler ERROR: Traceback (most recent call last):
  File "C:\Users\irosa\Desktop\新しいフォルダー (3)\Chameleon\internal\audio\video_crawler.py", line 2, in <module>
    import yt_dlp
ModuleNotFoundError: No module named 'yt_dlp'

2025-06-04 04:59:52,974 Start cycle: 2025-06-04 04:59:52
[video_crawler STDOUT] 
2025-06-04 04:59:53,124 video_crawler ERROR: Traceback (most recent call last):
  File "C:\Users\irosa\Desktop\新しいフォルダー (3)\Chameleon\internal\audio\video_crawler.py", line 2, in <module>
    import yt_dlp
ModuleNotFoundError: No module named 'yt_dlp'

2025-06-04 05:00:53,128 Start cycle: 2025-06-04 05:00:53
[video_crawler STDOUT] 
2025-06-04 05:00:53,293 video_crawler ERROR: Traceback (most recent call last):
  File "C:\Users\irosa\Desktop\新しいフォルダー (3)\Chameleon\internal\audio\video_crawler.py", line 2, in <module>
    import yt_dlp
ModuleNotFoundError: No module named 'yt_dlp'

2025-06-04 05:01:53,295 Start cycle: 2025-06-04 05:01:53
[video_crawler STDOUT] 
2025-06-04 05:01:53,454 video_crawler ERROR: Traceback (most recent call last):
  File "C:\Users\irosa\Desktop\新しいフォルダー (3)\Chameleon\internal\audio\video_crawler.py", line 2, in <module>
    import yt_dlp
ModuleNotFoundError: No module named 'yt_dlp'

2025-06-04 05:02:53,470 Start cycle: 2025-06-04 05:02:53
[video_crawler STDOUT] 
2025-06-04 05:02:53,610 video_crawler ERROR: Traceback (most recent call last):
  File "C:\Users\irosa\Desktop\新しいフォルダー (3)\Chameleon\internal\audio\video_crawler.py", line 2, in <module>
    import yt_dlp
ModuleNotFoundError: No module named 'yt_dlp'

2025-06-04 05:03:53,617 Start cycle: 2025-06-04 05:03:53
[video_crawler STDOUT] 
2025-06-04 05:03:53,777 video_crawler ERROR: Traceback (most recent call last):
  File "C:\Users\irosa\Desktop\新しいフォルダー (3)\Chameleon\internal\audio\video_crawler.py", line 2, in <module>
    import yt_dlp
ModuleNotFoundError: No module named 'yt_dlp'

2025-06-04 05:04:53,780 Start cycle: 2025-06-04 05:04:53
[video_crawler STDOUT] 
2025-06-04 05:04:53,920 video_crawler ERROR: Traceback (most recent call last):
  File "C:\Users\irosa\Desktop\新しいフォルダー (3)\Chameleon\internal\audio\video_crawler.py", line 2, in <module>
    import yt_dlp
ModuleNotFoundError: No module named 'yt_dlp'

2025-06-04 05:05:53,926 Start cycle: 2025-06-04 05:05:53
[video_crawler STDOUT] 
2025-06-04 05:05:54,081 video_crawler ERROR: Traceback (most recent call last):
  File "C:\Users\irosa\Desktop\新しいフォルダー (3)\Chameleon\internal\audio\video_crawler.py", line 2, in <module>
    import yt_dlp
ModuleNotFoundError: No module named 'yt_dlp'

2025-06-04 05:06:54,086 Start cycle: 2025-06-04 05:06:54
[video_crawler STDOUT] 
2025-06-04 05:06:54,274 video_crawler ERROR: Traceback (most recent call last):
  File "C:\Users\irosa\Desktop\新しいフォルダー (3)\Chameleon\internal\audio\video_crawler.py", line 2, in <module>
    import yt_dlp
ModuleNotFoundError: No module named 'yt_dlp'

2025-06-04 05:07:54,283 Start cycle: 2025-06-04 05:07:54
[video_crawler STDOUT] 
2025-06-04 05:07:54,421 video_crawler ERROR: Traceback (most recent call last):
  File "C:\Users\irosa\Desktop\新しいフォルダー (3)\Chameleon\internal\audio\video_crawler.py", line 2, in <module>
    import yt_dlp
ModuleNotFoundError: No module named 'yt_dlp'

2025-06-04 05:08:54,432 Start cycle: 2025-06-04 05:08:54
[video_crawler STDOUT] 
2025-06-04 05:08:54,591 video_crawler ERROR: Traceback (most recent call last):
  File "C:\Users\irosa\Desktop\新しいフォルダー (3)\Chameleon\internal\audio\video_crawler.py", line 2, in <module>
    import yt_dlp
ModuleNotFoundError: No module named 'yt_dlp'

2025-06-04 05:09:54,602 Start cycle: 2025-06-04 05:09:54
[video_crawler STDOUT] 
2025-06-04 05:09:54,782 video_crawler ERROR: Traceback (most recent call last):
  File "C:\Users\irosa\Desktop\新しいフォルダー (3)\Chameleon\internal\audio\video_crawler.py", line 2, in <module>
    import yt_dlp
ModuleNotFoundError: No module named 'yt_dlp'

2025-06-04 05:10:54,791 Start cycle: 2025-06-04 05:10:54
[video_crawler STDOUT] 
2025-06-04 05:10:54,960 video_crawler ERROR: Traceback (most recent call last):
  File "C:\Users\irosa\Desktop\新しいフォルダー (3)\Chameleon\internal\audio\video_crawler.py", line 2, in <module>
    import yt_dlp
ModuleNotFoundError: No module named 'yt_dlp'

2025-06-04 05:11:54,970 Start cycle: 2025-06-04 05:11:54
[video_crawler STDOUT] 
2025-06-04 05:11:55,160 video_crawler ERROR: Traceback (most recent call last):
  File "C:\Users\irosa\Desktop\新しいフォルダー (3)\Chameleon\internal\audio\video_crawler.py", line 2, in <module>
    import yt_dlp
ModuleNotFoundError: No module named 'yt_dlp'

2025-06-04 05:12:55,165 Start cycle: 2025-06-04 05:12:55
[video_crawler STDOUT] 
2025-06-04 05:12:55,332 video_crawler ERROR: Traceback (most recent call last):
  File "C:\Users\irosa\Desktop\新しいフォルダー (3)\Chameleon\internal\audio\video_crawler.py", line 2, in <module>
    import yt_dlp
ModuleNotFoundError: No module named 'yt_dlp'

2025-06-04 05:13:55,336 Start cycle: 2025-06-04 05:13:55
[video_crawler STDOUT] 
2025-06-04 05:13:55,509 video_crawler ERROR: Traceback (most recent call last):
  File "C:\Users\irosa\Desktop\新しいフォルダー (3)\Chameleon\internal\audio\video_crawler.py", line 2, in <module>
    import yt_dlp
ModuleNotFoundError: No module named 'yt_dlp'

2025-06-04 05:14:55,520 Start cycle: 2025-06-04 05:14:55
[video_crawler STDOUT] 
2025-06-04 05:14:55,688 video_crawler ERROR: Traceback (most recent call last):
  File "C:\Users\irosa\Desktop\新しいフォルダー (3)\Chameleon\internal\audio\video_crawler.py", line 2, in <module>
    import yt_dlp
ModuleNotFoundError: No module named 'yt_dlp'

2025-06-04 05:15:55,694 Start cycle: 2025-06-04 05:15:55
[video_crawler STDOUT] 
2025-06-04 05:15:55,887 video_crawler ERROR: Traceback (most recent call last):
  File "C:\Users\irosa\Desktop\新しいフォルダー (3)\Chameleon\internal\audio\video_crawler.py", line 2, in <module>
    import yt_dlp
ModuleNotFoundError: No module named 'yt_dlp'

2025-06-04 05:16:55,900 Start cycle: 2025-06-04 05:16:55
[video_crawler STDOUT] 
2025-06-04 05:16:56,083 video_crawler ERROR: Traceback (most recent call last):
  File "C:\Users\irosa\Desktop\新しいフォルダー (3)\Chameleon\internal\audio\video_crawler.py", line 2, in <module>
    import yt_dlp
ModuleNotFoundError: No module named 'yt_dlp'

2025-06-04 05:17:56,094 Start cycle: 2025-06-04 05:17:56
[video_crawler STDOUT] 
2025-06-04 05:17:56,259 video_crawler ERROR: Traceback (most recent call last):
  File "C:\Users\irosa\Desktop\新しいフォルダー (3)\Chameleon\internal\audio\video_crawler.py", line 2, in <module>
    import yt_dlp
ModuleNotFoundError: No module named 'yt_dlp'

2025-06-04 05:18:56,272 Start cycle: 2025-06-04 05:18:56
[video_crawler STDOUT] 
2025-06-04 05:18:56,311 video_crawler ERROR: Traceback (most recent call last):
  File "C:\Users\irosa\Desktop\新しいフォルダー (3)\Chameleon\internal\audio\video_crawler.py", line 2, in <module>
    import yt_dlp
ModuleNotFoundError: No module named 'yt_dlp'

2025-06-04 05:19:56,326 Start cycle: 2025-06-04 05:19:56
[video_crawler STDOUT] 
2025-06-04 05:19:56,536 video_crawler ERROR: Traceback (most recent call last):
  File "C:\Users\irosa\Desktop\新しいフォルダー (3)\Chameleon\internal\audio\video_crawler.py", line 2, in <module>
    import yt_dlp
ModuleNotFoundError: No module named 'yt_dlp'

2025-06-04 05:20:56,551 Start cycle: 2025-06-04 05:20:56
[video_crawler STDOUT] 
2025-06-04 05:20:56,751 video_crawler ERROR: Traceback (most recent call last):
  File "C:\Users\irosa\Desktop\新しいフォルダー (3)\Chameleon\internal\audio\video_crawler.py", line 2, in <module>
    import yt_dlp
ModuleNotFoundError: No module named 'yt_dlp'

2025-06-04 05:21:56,766 Start cycle: 2025-06-04 05:21:56
[video_crawler STDOUT] 
2025-06-04 05:21:56,955 video_crawler ERROR: Traceback (most recent call last):
  File "C:\Users\irosa\Desktop\新しいフォルダー (3)\Chameleon\internal\audio\video_crawler.py", line 2, in <module>
    import yt_dlp
ModuleNotFoundError: No module named 'yt_dlp'

2025-06-04 05:22:56,966 Start cycle: 2025-06-04 05:22:56
[video_crawler STDOUT] 
2025-06-04 05:22:57,175 video_crawler ERROR: Traceback (most recent call last):
  File "C:\Users\irosa\Desktop\新しいフォルダー (3)\Chameleon\internal\audio\video_crawler.py", line 2, in <module>
    import yt_dlp
ModuleNotFoundError: No module named 'yt_dlp'

2025-06-04 05:23:57,178 Start cycle: 2025-06-04 05:23:57
[video_crawler STDOUT] 
2025-06-04 05:23:57,367 video_crawler ERROR: Traceback (most recent call last):
  File "C:\Users\irosa\Desktop\新しいフォルダー (3)\Chameleon\internal\audio\video_crawler.py", line 2, in <module>
    import yt_dlp
ModuleNotFoundError: No module named 'yt_dlp'

2025-06-04 05:24:57,372 Start cycle: 2025-06-04 05:24:57
[video_crawler STDOUT] 
2025-06-04 05:24:57,412 video_crawler ERROR: Traceback (most recent call last):
  File "C:\Users\irosa\Desktop\新しいフォルダー (3)\Chameleon\internal\audio\video_crawler.py", line 2, in <module>
    import yt_dlp
ModuleNotFoundError: No module named 'yt_dlp'

2025-06-04 05:25:57,413 Start cycle: 2025-06-04 05:25:57
[video_crawler STDOUT] 
2025-06-04 05:25:57,450 video_crawler ERROR: Traceback (most recent call last):
  File "C:\Users\irosa\Desktop\新しいフォルダー (3)\Chameleon\internal\audio\video_crawler.py", line 2, in <module>
    import yt_dlp
ModuleNotFoundError: No module named 'yt_dlp'

2025-06-04 05:26:57,455 Start cycle: 2025-06-04 05:26:57
[video_crawler STDOUT] 
2025-06-04 05:26:57,556 video_crawler ERROR: Traceback (most recent call last):
  File "C:\Users\irosa\Desktop\新しいフォルダー (3)\Chameleon\internal\audio\video_crawler.py", line 2, in <module>
    import yt_dlp
ModuleNotFoundError: No module named 'yt_dlp'

2025-06-04 05:27:57,556 Start cycle: 2025-06-04 05:27:57
[video_crawler STDOUT] 
2025-06-04 05:27:57,691 video_crawler ERROR: Traceback (most recent call last):
  File "C:\Users\irosa\Desktop\新しいフォルダー (3)\Chameleon\internal\audio\video_crawler.py", line 2, in <module>
    import yt_dlp
ModuleNotFoundError: No module named 'yt_dlp'

2025-06-04 05:28:57,694 Start cycle: 2025-06-04 05:28:57
[video_crawler STDOUT] 
2025-06-04 05:28:57,833 video_crawler ERROR: Traceback (most recent call last):
  File "C:\Users\irosa\Desktop\新しいフォルダー (3)\Chameleon\internal\audio\video_crawler.py", line 2, in <module>
    import yt_dlp
ModuleNotFoundError: No module named 'yt_dlp'

2025-06-04 05:29:57,844 Start cycle: 2025-06-04 05:29:57
[video_crawler STDOUT] 
2025-06-04 05:29:58,005 video_crawler ERROR: Traceback (most recent call last):
  File "C:\Users\irosa\Desktop\新しいフォルダー (3)\Chameleon\internal\audio\video_crawler.py", line 2, in <module>
    import yt_dlp
ModuleNotFoundError: No module named 'yt_dlp'

2025-06-04 05:30:58,018 Start cycle: 2025-06-04 05:30:58
[video_crawler STDOUT] 
2025-06-04 05:30:58,193 video_crawler ERROR: Traceback (most recent call last):
  File "C:\Users\irosa\Desktop\新しいフォルダー (3)\Chameleon\internal\audio\video_crawler.py", line 2, in <module>
    import yt_dlp
ModuleNotFoundError: No module named 'yt_dlp'

2025-06-04 05:31:58,196 Start cycle: 2025-06-04 05:31:58
[video_crawler STDOUT] 
2025-06-04 05:31:58,354 video_crawler ERROR: Traceback (most recent call last):
  File "C:\Users\irosa\Desktop\新しいフォルダー (3)\Chameleon\internal\audio\video_crawler.py", line 2, in <module>
    import yt_dlp
ModuleNotFoundError: No module named 'yt_dlp'

2025-06-04 05:32:58,360 Start cycle: 2025-06-04 05:32:58
[video_crawler STDOUT] 
2025-06-04 05:32:58,488 video_crawler ERROR: Traceback (most recent call last):
  File "C:\Users\irosa\Desktop\新しいフォルダー (3)\Chameleon\internal\audio\video_crawler.py", line 2, in <module>
    import yt_dlp
ModuleNotFoundError: No module named 'yt_dlp'

2025-06-04 05:33:58,505 Start cycle: 2025-06-04 05:33:58
[video_crawler STDOUT] 
2025-06-04 05:33:58,641 video_crawler ERROR: Traceback (most recent call last):
  File "C:\Users\irosa\Desktop\新しいフォルダー (3)\Chameleon\internal\audio\video_crawler.py", line 2, in <module>
    import yt_dlp
ModuleNotFoundError: No module named 'yt_dlp'

2025-06-04 05:34:58,644 Start cycle: 2025-06-04 05:34:58
[video_crawler STDOUT] 
2025-06-04 05:34:58,775 video_crawler ERROR: Traceback (most recent call last):
  File "C:\Users\irosa\Desktop\新しいフォルダー (3)\Chameleon\internal\audio\video_crawler.py", line 2, in <module>
    import yt_dlp
ModuleNotFoundError: No module named 'yt_dlp'

2025-06-04 05:35:58,790 Start cycle: 2025-06-04 05:35:58
[video_crawler STDOUT] 
2025-06-04 05:35:58,931 video_crawler ERROR: Traceback (most recent call last):
  File "C:\Users\irosa\Desktop\新しいフォルダー (3)\Chameleon\internal\audio\video_crawler.py", line 2, in <module>
    import yt_dlp
ModuleNotFoundError: No module named 'yt_dlp'

2025-06-04 05:36:58,944 Start cycle: 2025-06-04 05:36:58
[video_crawler STDOUT] 
2025-06-04 05:36:59,145 video_crawler ERROR: Traceback (most recent call last):
  File "C:\Users\irosa\Desktop\新しいフォルダー (3)\Chameleon\internal\audio\video_crawler.py", line 2, in <module>
    import yt_dlp
ModuleNotFoundError: No module named 'yt_dlp'

2025-06-04 05:37:59,153 Start cycle: 2025-06-04 05:37:59
[video_crawler STDOUT] 
2025-06-04 05:37:59,316 video_crawler ERROR: Traceback (most recent call last):
  File "C:\Users\irosa\Desktop\新しいフォルダー (3)\Chameleon\internal\audio\video_crawler.py", line 2, in <module>
    import yt_dlp
ModuleNotFoundError: No module named 'yt_dlp'

2025-06-04 05:38:59,325 Start cycle: 2025-06-04 05:38:59
[video_crawler STDOUT] 
2025-06-04 05:38:59,460 video_crawler ERROR: Traceback (most recent call last):
  File "C:\Users\irosa\Desktop\新しいフォルダー (3)\Chameleon\internal\audio\video_crawler.py", line 2, in <module>
    import yt_dlp
ModuleNotFoundError: No module named 'yt_dlp'

2025-06-04 05:39:59,474 Start cycle: 2025-06-04 05:39:59
[video_crawler STDOUT] 
2025-06-04 05:39:59,636 video_crawler ERROR: Traceback (most recent call last):
  File "C:\Users\irosa\Desktop\新しいフォルダー (3)\Chameleon\internal\audio\video_crawler.py", line 2, in <module>
    import yt_dlp
ModuleNotFoundError: No module named 'yt_dlp'

2025-06-04 05:40:59,650 Start cycle: 2025-06-04 05:40:59
[video_crawler STDOUT] 
2025-06-04 05:40:59,819 video_crawler ERROR: Traceback (most recent call last):
  File "C:\Users\irosa\Desktop\新しいフォルダー (3)\Chameleon\internal\audio\video_crawler.py", line 2, in <module>
    import yt_dlp
ModuleNotFoundError: No module named 'yt_dlp'

2025-06-04 05:41:59,833 Start cycle: 2025-06-04 05:41:59
[video_crawler STDOUT] 
2025-06-04 05:41:59,974 video_crawler ERROR: Traceback (most recent call last):
  File "C:\Users\irosa\Desktop\新しいフォルダー (3)\Chameleon\internal\audio\video_crawler.py", line 2, in <module>
    import yt_dlp
ModuleNotFoundError: No module named 'yt_dlp'

2025-06-04 05:42:59,976 Start cycle: 2025-06-04 05:42:59
[video_crawler STDOUT] 
2025-06-04 05:43:00,164 video_crawler ERROR: Traceback (most recent call last):
  File "C:\Users\irosa\Desktop\新しいフォルダー (3)\Chameleon\internal\audio\video_crawler.py", line 2, in <module>
    import yt_dlp
ModuleNotFoundError: No module named 'yt_dlp'

2025-06-04 05:44:00,167 Start cycle: 2025-06-04 05:44:00
[video_crawler STDOUT] 
2025-06-04 05:44:00,310 video_crawler ERROR: Traceback (most recent call last):
  File "C:\Users\irosa\Desktop\新しいフォルダー (3)\Chameleon\internal\audio\video_crawler.py", line 2, in <module>
    import yt_dlp
ModuleNotFoundError: No module named 'yt_dlp'

2025-06-04 05:45:00,324 Start cycle: 2025-06-04 05:45:00
[video_crawler STDOUT] 
2025-06-04 05:45:00,463 video_crawler ERROR: Traceback (most recent call last):
  File "C:\Users\irosa\Desktop\新しいフォルダー (3)\Chameleon\internal\audio\video_crawler.py", line 2, in <module>
    import yt_dlp
ModuleNotFoundError: No module named 'yt_dlp'

2025-06-04 05:46:00,475 Start cycle: 2025-06-04 05:46:00
[video_crawler STDOUT] 
2025-06-04 05:46:00,600 video_crawler ERROR: Traceback (most recent call last):
  File "C:\Users\irosa\Desktop\新しいフォルダー (3)\Chameleon\internal\audio\video_crawler.py", line 2, in <module>
    import yt_dlp
ModuleNotFoundError: No module named 'yt_dlp'

2025-06-04 05:47:00,613 Start cycle: 2025-06-04 05:47:00
[video_crawler STDOUT] 
2025-06-04 05:47:00,803 video_crawler ERROR: Traceback (most recent call last):
  File "C:\Users\irosa\Desktop\新しいフォルダー (3)\Chameleon\internal\audio\video_crawler.py", line 2, in <module>
    import yt_dlp
ModuleNotFoundError: No module named 'yt_dlp'

2025-06-04 05:48:00,812 Start cycle: 2025-06-04 05:48:00
[video_crawler STDOUT] 
2025-06-04 05:48:01,006 video_crawler ERROR: Traceback (most recent call last):
  File "C:\Users\irosa\Desktop\新しいフォルダー (3)\Chameleon\internal\audio\video_crawler.py", line 2, in <module>
    import yt_dlp
ModuleNotFoundError: No module named 'yt_dlp'

2025-06-04 05:49:01,009 Start cycle: 2025-06-04 05:49:01
[video_crawler STDOUT] 
2025-06-04 05:49:01,185 video_crawler ERROR: Traceback (most recent call last):
  File "C:\Users\irosa\Desktop\新しいフォルダー (3)\Chameleon\internal\audio\video_crawler.py", line 2, in <module>
    import yt_dlp
ModuleNotFoundError: No module named 'yt_dlp'

2025-06-04 05:50:01,186 Start cycle: 2025-06-04 05:50:01
[video_crawler STDOUT] 
2025-06-04 05:50:01,350 video_crawler ERROR: Traceback (most recent call last):
  File "C:\Users\irosa\Desktop\新しいフォルダー (3)\Chameleon\internal\audio\video_crawler.py", line 2, in <module>
    import yt_dlp
ModuleNotFoundError: No module named 'yt_dlp'

2025-06-04 05:51:01,355 Start cycle: 2025-06-04 05:51:01
[video_crawler STDOUT] 
2025-06-04 05:51:01,480 video_crawler ERROR: Traceback (most recent call last):
  File "C:\Users\irosa\Desktop\新しいフォルダー (3)\Chameleon\internal\audio\video_crawler.py", line 2, in <module>
    import yt_dlp
ModuleNotFoundError: No module named 'yt_dlp'

2025-06-04 05:52:01,488 Start cycle: 2025-06-04 05:52:01
[video_crawler STDOUT] 
2025-06-04 05:52:01,634 video_crawler ERROR: Traceback (most recent call last):
  File "C:\Users\irosa\Desktop\新しいフォルダー (3)\Chameleon\internal\audio\video_crawler.py", line 2, in <module>
    import yt_dlp
ModuleNotFoundError: No module named 'yt_dlp'

2025-06-04 05:53:01,651 Start cycle: 2025-06-04 05:53:01
[video_crawler STDOUT] 
2025-06-04 05:53:01,808 video_crawler ERROR: Traceback (most recent call last):
  File "C:\Users\irosa\Desktop\新しいフォルダー (3)\Chameleon\internal\audio\video_crawler.py", line 2, in <module>
    import yt_dlp
ModuleNotFoundError: No module named 'yt_dlp'

2025-06-04 05:54:01,825 Start cycle: 2025-06-04 05:54:01
[video_crawler STDOUT] 
2025-06-04 05:54:01,967 video_crawler ERROR: Traceback (most recent call last):
  File "C:\Users\irosa\Desktop\新しいフォルダー (3)\Chameleon\internal\audio\video_crawler.py", line 2, in <module>
    import yt_dlp
ModuleNotFoundError: No module named 'yt_dlp'

2025-06-04 05:55:01,981 Start cycle: 2025-06-04 05:55:01
[video_crawler STDOUT] 
2025-06-04 05:55:02,150 video_crawler ERROR: Traceback (most recent call last):
  File "C:\Users\irosa\Desktop\新しいフォルダー (3)\Chameleon\internal\audio\video_crawler.py", line 2, in <module>
    import yt_dlp
ModuleNotFoundError: No module named 'yt_dlp'

2025-06-04 05:56:02,162 Start cycle: 2025-06-04 05:56:02
[video_crawler STDOUT] 
2025-06-04 05:56:02,294 video_crawler ERROR: Traceback (most recent call last):
  File "C:\Users\irosa\Desktop\新しいフォルダー (3)\Chameleon\internal\audio\video_crawler.py", line 2, in <module>
    import yt_dlp
ModuleNotFoundError: No module named 'yt_dlp'

2025-06-04 05:57:02,301 Start cycle: 2025-06-04 05:57:02
[video_crawler STDOUT] 
2025-06-04 05:57:02,461 video_crawler ERROR: Traceback (most recent call last):
  File "C:\Users\irosa\Desktop\新しいフォルダー (3)\Chameleon\internal\audio\video_crawler.py", line 2, in <module>
    import yt_dlp
ModuleNotFoundError: No module named 'yt_dlp'

2025-06-04 05:58:02,474 Start cycle: 2025-06-04 05:58:02
[video_crawler STDOUT] 
2025-06-04 05:58:02,619 video_crawler ERROR: Traceback (most recent call last):
  File "C:\Users\irosa\Desktop\新しいフォルダー (3)\Chameleon\internal\audio\video_crawler.py", line 2, in <module>
    import yt_dlp
ModuleNotFoundError: No module named 'yt_dlp'

2025-06-04 05:59:02,641 Start cycle: 2025-06-04 05:59:02
[video_crawler STDOUT] 
2025-06-04 05:59:02,799 video_crawler ERROR: Traceback (most recent call last):
  File "C:\Users\irosa\Desktop\新しいフォルダー (3)\Chameleon\internal\audio\video_crawler.py", line 2, in <module>
    import yt_dlp
ModuleNotFoundError: No module named 'yt_dlp'

2025-06-04 06:00:02,813 Start cycle: 2025-06-04 06:00:02
[video_crawler STDOUT] 
2025-06-04 06:00:02,958 video_crawler ERROR: Traceback (most recent call last):
  File "C:\Users\irosa\Desktop\新しいフォルダー (3)\Chameleon\internal\audio\video_crawler.py", line 2, in <module>
    import yt_dlp
ModuleNotFoundError: No module named 'yt_dlp'

2025-06-04 06:01:02,962 Start cycle: 2025-06-04 06:01:02
[video_crawler STDOUT] 
2025-06-04 06:01:03,105 video_crawler ERROR: Traceback (most recent call last):
  File "C:\Users\irosa\Desktop\新しいフォルダー (3)\Chameleon\internal\audio\video_crawler.py", line 2, in <module>
    import yt_dlp
ModuleNotFoundError: No module named 'yt_dlp'

2025-06-04 06:02:03,116 Start cycle: 2025-06-04 06:02:03
[video_crawler STDOUT] 
2025-06-04 06:02:03,257 video_crawler ERROR: Traceback (most recent call last):
  File "C:\Users\irosa\Desktop\新しいフォルダー (3)\Chameleon\internal\audio\video_crawler.py", line 2, in <module>
    import yt_dlp
ModuleNotFoundError: No module named 'yt_dlp'

2025-06-04 06:03:03,258 Start cycle: 2025-06-04 06:03:03
[video_crawler STDOUT] 
2025-06-04 06:03:03,428 video_crawler ERROR: Traceback (most recent call last):
  File "C:\Users\irosa\Desktop\新しいフォルダー (3)\Chameleon\internal\audio\video_crawler.py", line 2, in <module>
    import yt_dlp
ModuleNotFoundError: No module named 'yt_dlp'

2025-06-04 06:04:03,447 Start cycle: 2025-06-04 06:04:03
[video_crawler STDOUT] 
2025-06-04 06:04:03,599 video_crawler ERROR: Traceback (most recent call last):
  File "C:\Users\irosa\Desktop\新しいフォルダー (3)\Chameleon\internal\audio\video_crawler.py", line 2, in <module>
    import yt_dlp
ModuleNotFoundError: No module named 'yt_dlp'

2025-06-04 06:05:03,604 Start cycle: 2025-06-04 06:05:03
[video_crawler STDOUT] 
2025-06-04 06:05:03,776 video_crawler ERROR: Traceback (most recent call last):
  File "C:\Users\irosa\Desktop\新しいフォルダー (3)\Chameleon\internal\audio\video_crawler.py", line 2, in <module>
    import yt_dlp
ModuleNotFoundError: No module named 'yt_dlp'

2025-06-04 06:06:03,778 Start cycle: 2025-06-04 06:06:03
[video_crawler STDOUT] 
2025-06-04 06:06:03,945 video_crawler ERROR: Traceback (most recent call last):
  File "C:\Users\irosa\Desktop\新しいフォルダー (3)\Chameleon\internal\audio\video_crawler.py", line 2, in <module>
    import yt_dlp
ModuleNotFoundError: No module named 'yt_dlp'

2025-06-04 06:07:03,947 Start cycle: 2025-06-04 06:07:03
[video_crawler STDOUT] 
2025-06-04 06:07:04,110 video_crawler ERROR: Traceback (most recent call last):
  File "C:\Users\irosa\Desktop\新しいフォルダー (3)\Chameleon\internal\audio\video_crawler.py", line 2, in <module>
    import yt_dlp
ModuleNotFoundError: No module named 'yt_dlp'

2025-06-04 06:08:04,115 Start cycle: 2025-06-04 06:08:04
[video_crawler STDOUT] 
2025-06-04 06:08:04,255 video_crawler ERROR: Traceback (most recent call last):
  File "C:\Users\irosa\Desktop\新しいフォルダー (3)\Chameleon\internal\audio\video_crawler.py", line 2, in <module>
    import yt_dlp
ModuleNotFoundError: No module named 'yt_dlp'

2025-06-04 06:09:04,271 Start cycle: 2025-06-04 06:09:04
[video_crawler STDOUT] 
2025-06-04 06:09:04,464 video_crawler ERROR: Traceback (most recent call last):
  File "C:\Users\irosa\Desktop\新しいフォルダー (3)\Chameleon\internal\audio\video_crawler.py", line 2, in <module>
    import yt_dlp
ModuleNotFoundError: No module named 'yt_dlp'

2025-06-04 06:10:04,466 Start cycle: 2025-06-04 06:10:04
[video_crawler STDOUT] 
2025-06-04 06:10:04,640 video_crawler ERROR: Traceback (most recent call last):
  File "C:\Users\irosa\Desktop\新しいフォルダー (3)\Chameleon\internal\audio\video_crawler.py", line 2, in <module>
    import yt_dlp
ModuleNotFoundError: No module named 'yt_dlp'

2025-06-04 06:11:04,655 Start cycle: 2025-06-04 06:11:04
[video_crawler STDOUT] 
2025-06-04 06:11:04,825 video_crawler ERROR: Traceback (most recent call last):
  File "C:\Users\irosa\Desktop\新しいフォルダー (3)\Chameleon\internal\audio\video_crawler.py", line 2, in <module>
    import yt_dlp
ModuleNotFoundError: No module named 'yt_dlp'

2025-06-04 06:12:04,835 Start cycle: 2025-06-04 06:12:04
[video_crawler STDOUT] 
2025-06-04 06:12:04,984 video_crawler ERROR: Traceback (most recent call last):
  File "C:\Users\irosa\Desktop\新しいフォルダー (3)\Chameleon\internal\audio\video_crawler.py", line 2, in <module>
    import yt_dlp
ModuleNotFoundError: No module named 'yt_dlp'

2025-06-04 06:13:04,995 Start cycle: 2025-06-04 06:13:04
[video_crawler STDOUT] 
2025-06-04 06:13:05,157 video_crawler ERROR: Traceback (most recent call last):
  File "C:\Users\irosa\Desktop\新しいフォルダー (3)\Chameleon\internal\audio\video_crawler.py", line 2, in <module>
    import yt_dlp
ModuleNotFoundError: No module named 'yt_dlp'

2025-06-04 06:14:05,171 Start cycle: 2025-06-04 06:14:05
[video_crawler STDOUT] 
2025-06-04 06:14:05,210 video_crawler ERROR: Traceback (most recent call last):
  File "C:\Users\irosa\Desktop\新しいフォルダー (3)\Chameleon\internal\audio\video_crawler.py", line 2, in <module>
    import yt_dlp
ModuleNotFoundError: No module named 'yt_dlp'

2025-06-04 06:15:05,222 Start cycle: 2025-06-04 06:15:05
[video_crawler STDOUT] 
2025-06-04 06:15:05,371 video_crawler ERROR: Traceback (most recent call last):
  File "C:\Users\irosa\Desktop\新しいフォルダー (3)\Chameleon\internal\audio\video_crawler.py", line 2, in <module>
    import yt_dlp
ModuleNotFoundError: No module named 'yt_dlp'

2025-06-04 06:16:05,382 Start cycle: 2025-06-04 06:16:05
[video_crawler STDOUT] 
2025-06-04 06:16:05,584 video_crawler ERROR: Traceback (most recent call last):
  File "C:\Users\irosa\Desktop\新しいフォルダー (3)\Chameleon\internal\audio\video_crawler.py", line 2, in <module>
    import yt_dlp
ModuleNotFoundError: No module named 'yt_dlp'

2025-06-04 06:17:05,596 Start cycle: 2025-06-04 06:17:05
[video_crawler STDOUT] 
2025-06-04 06:17:05,744 video_crawler ERROR: Traceback (most recent call last):
  File "C:\Users\irosa\Desktop\新しいフォルダー (3)\Chameleon\internal\audio\video_crawler.py", line 2, in <module>
    import yt_dlp
ModuleNotFoundError: No module named 'yt_dlp'

2025-06-04 06:18:05,748 Start cycle: 2025-06-04 06:18:05
[video_crawler STDOUT] 
2025-06-04 06:18:05,872 video_crawler ERROR: Traceback (most recent call last):
  File "C:\Users\irosa\Desktop\新しいフォルダー (3)\Chameleon\internal\audio\video_crawler.py", line 2, in <module>
    import yt_dlp
ModuleNotFoundError: No module named 'yt_dlp'

2025-06-04 06:19:05,875 Start cycle: 2025-06-04 06:19:05
[video_crawler STDOUT] 
2025-06-04 06:19:06,031 video_crawler ERROR: Traceback (most recent call last):
  File "C:\Users\irosa\Desktop\新しいフォルダー (3)\Chameleon\internal\audio\video_crawler.py", line 2, in <module>
    import yt_dlp
ModuleNotFoundError: No module named 'yt_dlp'

2025-06-04 06:20:06,044 Start cycle: 2025-06-04 06:20:06
[video_crawler STDOUT] 
2025-06-04 06:20:06,181 video_crawler ERROR: Traceback (most recent call last):
  File "C:\Users\irosa\Desktop\新しいフォルダー (3)\Chameleon\internal\audio\video_crawler.py", line 2, in <module>
    import yt_dlp
ModuleNotFoundError: No module named 'yt_dlp'

2025-06-04 06:21:06,193 Start cycle: 2025-06-04 06:21:06
[video_crawler STDOUT] 
2025-06-04 06:21:06,328 video_crawler ERROR: Traceback (most recent call last):
  File "C:\Users\irosa\Desktop\新しいフォルダー (3)\Chameleon\internal\audio\video_crawler.py", line 2, in <module>
    import yt_dlp
ModuleNotFoundError: No module named 'yt_dlp'

2025-06-04 06:22:06,344 Start cycle: 2025-06-04 06:22:06
[video_crawler STDOUT] 
2025-06-04 06:22:06,500 video_crawler ERROR: Traceback (most recent call last):
  File "C:\Users\irosa\Desktop\新しいフォルダー (3)\Chameleon\internal\audio\video_crawler.py", line 2, in <module>
    import yt_dlp
ModuleNotFoundError: No module named 'yt_dlp'

2025-06-04 06:23:06,511 Start cycle: 2025-06-04 06:23:06
[video_crawler STDOUT] 
2025-06-04 06:23:06,664 video_crawler ERROR: Traceback (most recent call last):
  File "C:\Users\irosa\Desktop\新しいフォルダー (3)\Chameleon\internal\audio\video_crawler.py", line 2, in <module>
    import yt_dlp
ModuleNotFoundError: No module named 'yt_dlp'

2025-06-04 06:24:06,675 Start cycle: 2025-06-04 06:24:06
[video_crawler STDOUT] 
2025-06-04 06:24:06,829 video_crawler ERROR: Traceback (most recent call last):
  File "C:\Users\irosa\Desktop\新しいフォルダー (3)\Chameleon\internal\audio\video_crawler.py", line 2, in <module>
    import yt_dlp
ModuleNotFoundError: No module named 'yt_dlp'

2025-06-04 06:25:06,831 Start cycle: 2025-06-04 06:25:06
[video_crawler STDOUT] 
2025-06-04 06:25:06,985 video_crawler ERROR: Traceback (most recent call last):
  File "C:\Users\irosa\Desktop\新しいフォルダー (3)\Chameleon\internal\audio\video_crawler.py", line 2, in <module>
    import yt_dlp
ModuleNotFoundError: No module named 'yt_dlp'

2025-06-04 06:26:06,993 Start cycle: 2025-06-04 06:26:06
[video_crawler STDOUT] 
2025-06-04 06:26:07,135 video_crawler ERROR: Traceback (most recent call last):
  File "C:\Users\irosa\Desktop\新しいフォルダー (3)\Chameleon\internal\audio\video_crawler.py", line 2, in <module>
    import yt_dlp
ModuleNotFoundError: No module named 'yt_dlp'

2025-06-04 06:27:07,140 Start cycle: 2025-06-04 06:27:07
[video_crawler STDOUT] 
2025-06-04 06:27:07,266 video_crawler ERROR: Traceback (most recent call last):
  File "C:\Users\irosa\Desktop\新しいフォルダー (3)\Chameleon\internal\audio\video_crawler.py", line 2, in <module>
    import yt_dlp
ModuleNotFoundError: No module named 'yt_dlp'

2025-06-04 06:28:07,279 Start cycle: 2025-06-04 06:28:07
[video_crawler STDOUT] 
2025-06-04 06:28:07,436 video_crawler ERROR: Traceback (most recent call last):
  File "C:\Users\irosa\Desktop\新しいフォルダー (3)\Chameleon\internal\audio\video_crawler.py", line 2, in <module>
    import yt_dlp
ModuleNotFoundError: No module named 'yt_dlp'

2025-06-04 06:29:07,441 Start cycle: 2025-06-04 06:29:07
[video_crawler STDOUT] 
2025-06-04 06:29:07,613 video_crawler ERROR: Traceback (most recent call last):
  File "C:\Users\irosa\Desktop\新しいフォルダー (3)\Chameleon\internal\audio\video_crawler.py", line 2, in <module>
    import yt_dlp
ModuleNotFoundError: No module named 'yt_dlp'

2025-06-04 06:30:07,619 Start cycle: 2025-06-04 06:30:07
[video_crawler STDOUT] 
2025-06-04 06:30:07,747 video_crawler ERROR: Traceback (most recent call last):
  File "C:\Users\irosa\Desktop\新しいフォルダー (3)\Chameleon\internal\audio\video_crawler.py", line 2, in <module>
    import yt_dlp
ModuleNotFoundError: No module named 'yt_dlp'

2025-06-04 06:31:07,762 Start cycle: 2025-06-04 06:31:07
[video_crawler STDOUT] 
2025-06-04 06:31:07,895 video_crawler ERROR: Traceback (most recent call last):
  File "C:\Users\irosa\Desktop\新しいフォルダー (3)\Chameleon\internal\audio\video_crawler.py", line 2, in <module>
    import yt_dlp
ModuleNotFoundError: No module named 'yt_dlp'

2025-06-04 06:32:07,897 Start cycle: 2025-06-04 06:32:07
[video_crawler STDOUT] 
2025-06-04 06:32:08,028 video_crawler ERROR: Traceback (most recent call last):
  File "C:\Users\irosa\Desktop\新しいフォルダー (3)\Chameleon\internal\audio\video_crawler.py", line 2, in <module>
    import yt_dlp
ModuleNotFoundError: No module named 'yt_dlp'

2025-06-04 06:33:08,043 Start cycle: 2025-06-04 06:33:08
[video_crawler STDOUT] 
2025-06-04 06:33:08,191 video_crawler ERROR: Traceback (most recent call last):
  File "C:\Users\irosa\Desktop\新しいフォルダー (3)\Chameleon\internal\audio\video_crawler.py", line 2, in <module>
    import yt_dlp
ModuleNotFoundError: No module named 'yt_dlp'

2025-06-04 06:34:08,204 Start cycle: 2025-06-04 06:34:08
[video_crawler STDOUT] 
2025-06-04 06:34:08,379 video_crawler ERROR: Traceback (most recent call last):
  File "C:\Users\irosa\Desktop\新しいフォルダー (3)\Chameleon\internal\audio\video_crawler.py", line 2, in <module>
    import yt_dlp
ModuleNotFoundError: No module named 'yt_dlp'

2025-06-04 06:35:08,385 Start cycle: 2025-06-04 06:35:08
[video_crawler STDOUT] 
2025-06-04 06:35:08,532 video_crawler ERROR: Traceback (most recent call last):
  File "C:\Users\irosa\Desktop\新しいフォルダー (3)\Chameleon\internal\audio\video_crawler.py", line 2, in <module>
    import yt_dlp
ModuleNotFoundError: No module named 'yt_dlp'

2025-06-04 06:36:08,538 Start cycle: 2025-06-04 06:36:08
[video_crawler STDOUT] 
2025-06-04 06:36:08,671 video_crawler ERROR: Traceback (most recent call last):
  File "C:\Users\irosa\Desktop\新しいフォルダー (3)\Chameleon\internal\audio\video_crawler.py", line 2, in <module>
    import yt_dlp
ModuleNotFoundError: No module named 'yt_dlp'

2025-06-04 06:37:08,677 Start cycle: 2025-06-04 06:37:08
[video_crawler STDOUT] 
2025-06-04 06:37:08,812 video_crawler ERROR: Traceback (most recent call last):
  File "C:\Users\irosa\Desktop\新しいフォルダー (3)\Chameleon\internal\audio\video_crawler.py", line 2, in <module>
    import yt_dlp
ModuleNotFoundError: No module named 'yt_dlp'

2025-06-04 06:38:08,819 Start cycle: 2025-06-04 06:38:08
[video_crawler STDOUT] 
2025-06-04 06:38:08,984 video_crawler ERROR: Traceback (most recent call last):
  File "C:\Users\irosa\Desktop\新しいフォルダー (3)\Chameleon\internal\audio\video_crawler.py", line 2, in <module>
    import yt_dlp
ModuleNotFoundError: No module named 'yt_dlp'

2025-06-04 06:39:08,989 Start cycle: 2025-06-04 06:39:08
[video_crawler STDOUT] 
2025-06-04 06:39:09,112 video_crawler ERROR: Traceback (most recent call last):
  File "C:\Users\irosa\Desktop\新しいフォルダー (3)\Chameleon\internal\audio\video_crawler.py", line 2, in <module>
    import yt_dlp
ModuleNotFoundError: No module named 'yt_dlp'

2025-06-04 06:40:09,116 Start cycle: 2025-06-04 06:40:09
[video_crawler STDOUT] 
2025-06-04 06:40:09,293 video_crawler ERROR: Traceback (most recent call last):
  File "C:\Users\irosa\Desktop\新しいフォルダー (3)\Chameleon\internal\audio\video_crawler.py", line 2, in <module>
    import yt_dlp
ModuleNotFoundError: No module named 'yt_dlp'

2025-06-04 06:41:09,308 Start cycle: 2025-06-04 06:41:09
[video_crawler STDOUT] 
2025-06-04 06:41:09,470 video_crawler ERROR: Traceback (most recent call last):
  File "C:\Users\irosa\Desktop\新しいフォルダー (3)\Chameleon\internal\audio\video_crawler.py", line 2, in <module>
    import yt_dlp
ModuleNotFoundError: No module named 'yt_dlp'

2025-06-04 06:42:09,476 Start cycle: 2025-06-04 06:42:09
[video_crawler STDOUT] 
2025-06-04 06:42:09,636 video_crawler ERROR: Traceback (most recent call last):
  File "C:\Users\irosa\Desktop\新しいフォルダー (3)\Chameleon\internal\audio\video_crawler.py", line 2, in <module>
    import yt_dlp
ModuleNotFoundError: No module named 'yt_dlp'

2025-06-04 06:43:09,646 Start cycle: 2025-06-04 06:43:09
[video_crawler STDOUT] 
2025-06-04 06:43:09,814 video_crawler ERROR: Traceback (most recent call last):
  File "C:\Users\irosa\Desktop\新しいフォルダー (3)\Chameleon\internal\audio\video_crawler.py", line 2, in <module>
    import yt_dlp
ModuleNotFoundError: No module named 'yt_dlp'

2025-06-04 06:44:09,821 Start cycle: 2025-06-04 06:44:09
[video_crawler STDOUT] 
2025-06-04 06:44:09,979 video_crawler ERROR: Traceback (most recent call last):
  File "C:\Users\irosa\Desktop\新しいフォルダー (3)\Chameleon\internal\audio\video_crawler.py", line 2, in <module>
    import yt_dlp
ModuleNotFoundError: No module named 'yt_dlp'

2025-06-04 06:45:09,997 Start cycle: 2025-06-04 06:45:09
[video_crawler STDOUT] 
2025-06-04 06:45:10,130 video_crawler ERROR: Traceback (most recent call last):
  File "C:\Users\irosa\Desktop\新しいフォルダー (3)\Chameleon\internal\audio\video_crawler.py", line 2, in <module>
    import yt_dlp
ModuleNotFoundError: No module named 'yt_dlp'

2025-06-04 06:46:10,141 Start cycle: 2025-06-04 06:46:10
[video_crawler STDOUT] 
2025-06-04 06:46:10,277 video_crawler ERROR: Traceback (most recent call last):
  File "C:\Users\irosa\Desktop\新しいフォルダー (3)\Chameleon\internal\audio\video_crawler.py", line 2, in <module>
    import yt_dlp
ModuleNotFoundError: No module named 'yt_dlp'

2025-06-04 06:47:10,292 Start cycle: 2025-06-04 06:47:10
[video_crawler STDOUT] 
2025-06-04 06:47:10,447 video_crawler ERROR: Traceback (most recent call last):
  File "C:\Users\irosa\Desktop\新しいフォルダー (3)\Chameleon\internal\audio\video_crawler.py", line 2, in <module>
    import yt_dlp
ModuleNotFoundError: No module named 'yt_dlp'

2025-06-04 06:48:10,455 Start cycle: 2025-06-04 06:48:10
[video_crawler STDOUT] 
2025-06-04 06:48:10,577 video_crawler ERROR: Traceback (most recent call last):
  File "C:\Users\irosa\Desktop\新しいフォルダー (3)\Chameleon\internal\audio\video_crawler.py", line 2, in <module>
    import yt_dlp
ModuleNotFoundError: No module named 'yt_dlp'

2025-06-04 06:49:10,586 Start cycle: 2025-06-04 06:49:10
[video_crawler STDOUT] 
2025-06-04 06:49:10,747 video_crawler ERROR: Traceback (most recent call last):
  File "C:\Users\irosa\Desktop\新しいフォルダー (3)\Chameleon\internal\audio\video_crawler.py", line 2, in <module>
    import yt_dlp
ModuleNotFoundError: No module named 'yt_dlp'

2025-06-04 06:50:10,752 Start cycle: 2025-06-04 06:50:10
[video_crawler STDOUT] 
2025-06-04 06:50:10,926 video_crawler ERROR: Traceback (most recent call last):
  File "C:\Users\irosa\Desktop\新しいフォルダー (3)\Chameleon\internal\audio\video_crawler.py", line 2, in <module>
    import yt_dlp
ModuleNotFoundError: No module named 'yt_dlp'

2025-06-04 06:51:10,942 Start cycle: 2025-06-04 06:51:10
[video_crawler STDOUT] 
2025-06-04 06:51:11,094 video_crawler ERROR: Traceback (most recent call last):
  File "C:\Users\irosa\Desktop\新しいフォルダー (3)\Chameleon\internal\audio\video_crawler.py", line 2, in <module>
    import yt_dlp
ModuleNotFoundError: No module named 'yt_dlp'

2025-06-04 06:52:11,099 Start cycle: 2025-06-04 06:52:11
[video_crawler STDOUT] 
2025-06-04 06:52:11,263 video_crawler ERROR: Traceback (most recent call last):
  File "C:\Users\irosa\Desktop\新しいフォルダー (3)\Chameleon\internal\audio\video_crawler.py", line 2, in <module>
    import yt_dlp
ModuleNotFoundError: No module named 'yt_dlp'

2025-06-04 06:53:11,270 Start cycle: 2025-06-04 06:53:11
[video_crawler STDOUT] 
2025-06-04 06:53:11,424 video_crawler ERROR: Traceback (most recent call last):
  File "C:\Users\irosa\Desktop\新しいフォルダー (3)\Chameleon\internal\audio\video_crawler.py", line 2, in <module>
    import yt_dlp
ModuleNotFoundError: No module named 'yt_dlp'

2025-06-04 06:54:11,439 Start cycle: 2025-06-04 06:54:11
[video_crawler STDOUT] 
2025-06-04 06:54:11,578 video_crawler ERROR: Traceback (most recent call last):
  File "C:\Users\irosa\Desktop\新しいフォルダー (3)\Chameleon\internal\audio\video_crawler.py", line 2, in <module>
    import yt_dlp
ModuleNotFoundError: No module named 'yt_dlp'

2025-06-04 06:55:11,580 Start cycle: 2025-06-04 06:55:11
[video_crawler STDOUT] 
2025-06-04 06:55:11,705 video_crawler ERROR: Traceback (most recent call last):
  File "C:\Users\irosa\Desktop\新しいフォルダー (3)\Chameleon\internal\audio\video_crawler.py", line 2, in <module>
    import yt_dlp
ModuleNotFoundError: No module named 'yt_dlp'

2025-06-04 06:56:11,708 Start cycle: 2025-06-04 06:56:11
[video_crawler STDOUT] 
2025-06-04 06:56:11,865 video_crawler ERROR: Traceback (most recent call last):
  File "C:\Users\irosa\Desktop\新しいフォルダー (3)\Chameleon\internal\audio\video_crawler.py", line 2, in <module>
    import yt_dlp
ModuleNotFoundError: No module named 'yt_dlp'

2025-06-04 06:57:11,878 Start cycle: 2025-06-04 06:57:11
[video_crawler STDOUT] 
2025-06-04 06:57:12,042 video_crawler ERROR: Traceback (most recent call last):
  File "C:\Users\irosa\Desktop\新しいフォルダー (3)\Chameleon\internal\audio\video_crawler.py", line 2, in <module>
    import yt_dlp
ModuleNotFoundError: No module named 'yt_dlp'

2025-06-04 06:58:12,047 Start cycle: 2025-06-04 06:58:12
[video_crawler STDOUT] 
2025-06-04 06:58:12,159 video_crawler ERROR: Traceback (most recent call last):
  File "C:\Users\irosa\Desktop\新しいフォルダー (3)\Chameleon\internal\audio\video_crawler.py", line 2, in <module>
    import yt_dlp
ModuleNotFoundError: No module named 'yt_dlp'

2025-06-04 06:59:12,164 Start cycle: 2025-06-04 06:59:12
[video_crawler STDOUT] 
2025-06-04 06:59:12,303 video_crawler ERROR: Traceback (most recent call last):
  File "C:\Users\irosa\Desktop\新しいフォルダー (3)\Chameleon\internal\audio\video_crawler.py", line 2, in <module>
    import yt_dlp
ModuleNotFoundError: No module named 'yt_dlp'

2025-06-04 07:00:12,308 Start cycle: 2025-06-04 07:00:12
[video_crawler STDOUT] 
2025-06-04 07:00:12,456 video_crawler ERROR: Traceback (most recent call last):
  File "C:\Users\irosa\Desktop\新しいフォルダー (3)\Chameleon\internal\audio\video_crawler.py", line 2, in <module>
    import yt_dlp
ModuleNotFoundError: No module named 'yt_dlp'

2025-06-04 07:01:12,461 Start cycle: 2025-06-04 07:01:12
[video_crawler STDOUT] 
2025-06-04 07:01:12,573 video_crawler ERROR: Traceback (most recent call last):
  File "C:\Users\irosa\Desktop\新しいフォルダー (3)\Chameleon\internal\audio\video_crawler.py", line 2, in <module>
    import yt_dlp
ModuleNotFoundError: No module named 'yt_dlp'

2025-06-04 07:02:12,578 Start cycle: 2025-06-04 07:02:12
[video_crawler STDOUT] 
2025-06-04 07:02:12,748 video_crawler ERROR: Traceback (most recent call last):
  File "C:\Users\irosa\Desktop\新しいフォルダー (3)\Chameleon\internal\audio\video_crawler.py", line 2, in <module>
    import yt_dlp
ModuleNotFoundError: No module named 'yt_dlp'

2025-06-04 07:03:12,763 Start cycle: 2025-06-04 07:03:12
[video_crawler STDOUT] 
2025-06-04 07:03:12,921 video_crawler ERROR: Traceback (most recent call last):
  File "C:\Users\irosa\Desktop\新しいフォルダー (3)\Chameleon\internal\audio\video_crawler.py", line 2, in <module>
    import yt_dlp
ModuleNotFoundError: No module named 'yt_dlp'

2025-06-04 07:04:12,936 Start cycle: 2025-06-04 07:04:12
[video_crawler STDOUT] 
2025-06-04 07:04:13,114 video_crawler ERROR: Traceback (most recent call last):
  File "C:\Users\irosa\Desktop\新しいフォルダー (3)\Chameleon\internal\audio\video_crawler.py", line 2, in <module>
    import yt_dlp
ModuleNotFoundError: No module named 'yt_dlp'

2025-06-04 07:05:13,122 Start cycle: 2025-06-04 07:05:13
[video_crawler STDOUT] 
2025-06-04 07:05:13,306 video_crawler ERROR: Traceback (most recent call last):
  File "C:\Users\irosa\Desktop\新しいフォルダー (3)\Chameleon\internal\audio\video_crawler.py", line 2, in <module>
    import yt_dlp
ModuleNotFoundError: No module named 'yt_dlp'

2025-06-04 07:06:13,318 Start cycle: 2025-06-04 07:06:13
[video_crawler STDOUT] 
2025-06-04 07:06:13,483 video_crawler ERROR: Traceback (most recent call last):
  File "C:\Users\irosa\Desktop\新しいフォルダー (3)\Chameleon\internal\audio\video_crawler.py", line 2, in <module>
    import yt_dlp
ModuleNotFoundError: No module named 'yt_dlp'

2025-06-04 07:07:13,489 Start cycle: 2025-06-04 07:07:13
[video_crawler STDOUT] 
2025-06-04 07:07:13,659 video_crawler ERROR: Traceback (most recent call last):
  File "C:\Users\irosa\Desktop\新しいフォルダー (3)\Chameleon\internal\audio\video_crawler.py", line 2, in <module>
    import yt_dlp
ModuleNotFoundError: No module named 'yt_dlp'

2025-06-04 07:08:13,667 Start cycle: 2025-06-04 07:08:13
[video_crawler STDOUT] 
2025-06-04 07:08:13,810 video_crawler ERROR: Traceback (most recent call last):
  File "C:\Users\irosa\Desktop\新しいフォルダー (3)\Chameleon\internal\audio\video_crawler.py", line 2, in <module>
    import yt_dlp
ModuleNotFoundError: No module named 'yt_dlp'

2025-06-04 07:09:13,810 Start cycle: 2025-06-04 07:09:13
[video_crawler STDOUT] 
2025-06-04 07:09:13,971 video_crawler ERROR: Traceback (most recent call last):
  File "C:\Users\irosa\Desktop\新しいフォルダー (3)\Chameleon\internal\audio\video_crawler.py", line 2, in <module>
    import yt_dlp
ModuleNotFoundError: No module named 'yt_dlp'

2025-06-04 07:10:13,975 Start cycle: 2025-06-04 07:10:13
[video_crawler STDOUT] 
2025-06-04 07:10:14,149 video_crawler ERROR: Traceback (most recent call last):
  File "C:\Users\irosa\Desktop\新しいフォルダー (3)\Chameleon\internal\audio\video_crawler.py", line 2, in <module>
    import yt_dlp
ModuleNotFoundError: No module named 'yt_dlp'

2025-06-04 07:11:14,162 Start cycle: 2025-06-04 07:11:14
[video_crawler STDOUT] 
2025-06-04 07:11:14,531 video_crawler ERROR: Traceback (most recent call last):
  File "C:\Users\irosa\Desktop\新しいフォルダー (3)\Chameleon\internal\audio\video_crawler.py", line 2, in <module>
    import yt_dlp
ModuleNotFoundError: No module named 'yt_dlp'

2025-06-04 07:12:14,533 Start cycle: 2025-06-04 07:12:14
[video_crawler STDOUT] 
2025-06-04 07:12:14,670 video_crawler ERROR: Traceback (most recent call last):
  File "C:\Users\irosa\Desktop\新しいフォルダー (3)\Chameleon\internal\audio\video_crawler.py", line 2, in <module>
    import yt_dlp
ModuleNotFoundError: No module named 'yt_dlp'

2025-06-04 07:13:14,686 Start cycle: 2025-06-04 07:13:14
[video_crawler STDOUT] 
2025-06-04 07:13:14,727 video_crawler ERROR: Traceback (most recent call last):
  File "C:\Users\irosa\Desktop\新しいフォルダー (3)\Chameleon\internal\audio\video_crawler.py", line 2, in <module>
    import yt_dlp
ModuleNotFoundError: No module named 'yt_dlp'

2025-06-04 07:14:14,732 Start cycle: 2025-06-04 07:14:14
[video_crawler STDOUT] 
2025-06-04 07:14:14,915 video_crawler ERROR: Traceback (most recent call last):
  File "C:\Users\irosa\Desktop\新しいフォルダー (3)\Chameleon\internal\audio\video_crawler.py", line 2, in <module>
    import yt_dlp
ModuleNotFoundError: No module named 'yt_dlp'

2025-06-04 07:15:14,924 Start cycle: 2025-06-04 07:15:14
[video_crawler STDOUT] 
2025-06-04 07:15:15,103 video_crawler ERROR: Traceback (most recent call last):
  File "C:\Users\irosa\Desktop\新しいフォルダー (3)\Chameleon\internal\audio\video_crawler.py", line 2, in <module>
    import yt_dlp
ModuleNotFoundError: No module named 'yt_dlp'

2025-06-04 07:16:15,105 Start cycle: 2025-06-04 07:16:15
[video_crawler STDOUT] 
2025-06-04 07:16:15,268 video_crawler ERROR: Traceback (most recent call last):
  File "C:\Users\irosa\Desktop\新しいフォルダー (3)\Chameleon\internal\audio\video_crawler.py", line 2, in <module>
    import yt_dlp
ModuleNotFoundError: No module named 'yt_dlp'

2025-06-04 07:17:15,273 Start cycle: 2025-06-04 07:17:15
[video_crawler STDOUT] 
2025-06-04 07:17:15,438 video_crawler ERROR: Traceback (most recent call last):
  File "C:\Users\irosa\Desktop\新しいフォルダー (3)\Chameleon\internal\audio\video_crawler.py", line 2, in <module>
    import yt_dlp
ModuleNotFoundError: No module named 'yt_dlp'

2025-06-04 07:18:15,440 Start cycle: 2025-06-04 07:18:15
[video_crawler STDOUT] 
2025-06-04 07:18:15,614 video_crawler ERROR: Traceback (most recent call last):
  File "C:\Users\irosa\Desktop\新しいフォルダー (3)\Chameleon\internal\audio\video_crawler.py", line 2, in <module>
    import yt_dlp
ModuleNotFoundError: No module named 'yt_dlp'

2025-06-04 07:19:15,616 Start cycle: 2025-06-04 07:19:15
[video_crawler STDOUT] 
2025-06-04 07:19:15,783 video_crawler ERROR: Traceback (most recent call last):
  File "C:\Users\irosa\Desktop\新しいフォルダー (3)\Chameleon\internal\audio\video_crawler.py", line 2, in <module>
    import yt_dlp
ModuleNotFoundError: No module named 'yt_dlp'

2025-06-04 07:20:15,784 Start cycle: 2025-06-04 07:20:15
[video_crawler STDOUT] 
2025-06-04 07:20:15,961 video_crawler ERROR: Traceback (most recent call last):
  File "C:\Users\irosa\Desktop\新しいフォルダー (3)\Chameleon\internal\audio\video_crawler.py", line 2, in <module>
    import yt_dlp
ModuleNotFoundError: No module named 'yt_dlp'

2025-06-04 07:21:15,971 Start cycle: 2025-06-04 07:21:15
[video_crawler STDOUT] 
2025-06-04 07:21:16,111 video_crawler ERROR: Traceback (most recent call last):
  File "C:\Users\irosa\Desktop\新しいフォルダー (3)\Chameleon\internal\audio\video_crawler.py", line 2, in <module>
    import yt_dlp
ModuleNotFoundError: No module named 'yt_dlp'

2025-06-04 07:22:16,116 Start cycle: 2025-06-04 07:22:16
[video_crawler STDOUT] 
2025-06-04 07:22:16,245 video_crawler ERROR: Traceback (most recent call last):
  File "C:\Users\irosa\Desktop\新しいフォルダー (3)\Chameleon\internal\audio\video_crawler.py", line 2, in <module>
    import yt_dlp
ModuleNotFoundError: No module named 'yt_dlp'

2025-06-04 07:23:16,253 Start cycle: 2025-06-04 07:23:16
[video_crawler STDOUT] 
2025-06-04 07:23:16,397 video_crawler ERROR: Traceback (most recent call last):
  File "C:\Users\irosa\Desktop\新しいフォルダー (3)\Chameleon\internal\audio\video_crawler.py", line 2, in <module>
    import yt_dlp
ModuleNotFoundError: No module named 'yt_dlp'

